ID,Date,Date,Category,Category ID,Exercise Name,Exercise ID,Weight (lbs),Sets,Reps,Volume (lbs),Workout ID,Workout Type,Workout Type ID,E1RM
547,1/1/2023,2023-01-01,Rest,0,Rest,0,0,0,0,0,242,Rest,0,
548,1/2/2023,2023-01-02,Push,1,Incline Bench Press,2,135,1,8,1080,243,Strength,1,171
549,1/2/2023,2023-01-02,Push,1,Incline Bench Press,2,185,2,6,2220,243,Strength,1,222
550,1/2/2023,2023-01-02,Push,1,Incline Bench Press,2,0,0,0,0,243,Strength,1,0
551,1/2/2023,2023-01-02,Push,1,Overhead Press,3,45,1,8,360,243,Strength,1,57
552,1/2/2023,2023-01-02,Push,1,Overhead Press,3,95,1,8,760,243,Strength,1,120.3333333
553,1/2/2023,2023-01-02,Push,1,Overhead Press,3,135,2,5,1350,243,Strength,1,157.5
554,1/3/2023,2023-01-03,Pull,2,Pull Ups,5,180,3,10,5400,244,Strength,1,240
555,1/3/2023,2023-01-03,Pull,2,Pull Ups,5,215,1,6,1290,244,Strength,1,258
556,1/3/2023,2023-01-03,Pull,2,Pull Ups,5,225,1,4,900,244,Strength,1,255
557,1/3/2023,2023-01-03,Pull,2,Deadlift,4,135,1,5,675,244,Strength,1,157.5
558,1/3/2023,2023-01-03,Pull,2,Deadlift,4,225,1,5,1125,244,Strength,1,262.5
559,1/3/2023,2023-01-03,Pull,2,Deadlift,4,315,1,5,1575,244,Strength,1,367.5
560,1/3/2023,2023-01-03,Pull,2,Deadlift,4,405,3,5,6075,244,Strength,1,472.5
561,1/4/2023,2023-01-04,Legs,3,Barbell Squat,7,135,1,8,1080,245,Strength,1,171
562,1/4/2023,2023-01-04,Legs,3,Barbell Squat,7,225,2,8,3600,245,Strength,1,285
563,1/4/2023,2023-01-04,Legs,3,Barbell Squat,7,315,1,5,1575,245,Strength,1,367.5
564,1/4/2023,2023-01-04,Legs,3,Barbell Squat,7,365,1,3,1095,245,Strength,1,401.5
565,1/4/2023,2023-01-04,Legs,3,Barbell Squat,7,385,1,2,770,245,Strength,1,410.6666667
566,1/5/2023,2023-01-05,Push,1,Flat Bench Press,1,135,1,8,1080,246,Strength,1,171
567,1/5/2023,2023-01-05,Push,1,Flat Bench Press,1,185,1,7,1295,246,Strength,1,228.1666667
568,1/5/2023,2023-01-05,Push,1,Flat Bench Press,1,205,2,6,2460,246,Strength,1,246
569,1/5/2023,2023-01-05,Push,1,Overhead Press,3,45,1,8,360,246,Strength,1,57
570,1/5/2023,2023-01-05,Push,1,Overhead Press,3,95,1,8,760,246,Strength,1,120.3333333
571,1/5/2023,2023-01-05,Push,1,Overhead Press,3,135,2,5,1350,246,Strength,1,157.5
572,1/6/2023,2023-01-06,Pull,2,Barbell Row,6,135,1,8,1080,247,Strength,1,171
573,1/6/2023,2023-01-06,Pull,2,Barbell Row,6,185,3,6,3330,247,Strength,1,222
574,1/6/2023,2023-01-06,Pull,2,Barbell Row,6,0,0,0,0,247,Strength,1,0
29,,1899-12-30,Legs,3,Barbell Squat,7,0,0,0,0,,Strength,1,0
30,,1899-12-30,Legs,3,Barbell Squat,7,0,0,0,0,,Strength,1,0
31,,1899-12-30,Legs,3,Barbell Squat,7,0,0,0,0,,Strength,1,0
32,,1899-12-30,Legs,3,Barbell Squat,7,0,0,0,0,,Strength,1,0
33,,1899-12-30,Legs,3,Barbell Squat,7,0,0,0,0,,Strength,1,0
575,1/7/2023,2023-01-07,Rest,0,Rest,0,0,0,0,0,248,Rest,0,0
576,1/8/2023,2023-01-08,Rest,0,Rest,0,0,0,0,0,249,Rest,0,0
577,1/9/2023,2023-01-09,Push,1,Incline Bench Press,2,135,1,8,1080,250,Strength,1,171
578,1/9/2023,2023-01-09,Push,1,Incline Bench Press,2,185,2,6,2220,250,Strength,1,222
579,1/9/2023,2023-01-09,Push,1,Incline Bench Press,2,0,0,0,0,250,Strength,1,0
580,1/9/2023,2023-01-09,Push,1,Overhead Press,3,45,1,8,360,250,Strength,1,57
581,1/9/2023,2023-01-09,Push,1,Overhead Press,3,95,1,8,760,250,Strength,1,120.3333333
582,1/9/2023,2023-01-09,Push,1,Overhead Press,3,135,2,5,1350,250,Strength,1,157.5
583,1/10/2023,2023-01-10,Pull,2,Pull Ups,5,180,3,10,5400,251,Strength,1,240
584,1/10/2023,2023-01-10,Pull,2,Pull Ups,5,215,1,6,1290,251,Strength,1,258
585,1/10/2023,2023-01-10,Pull,2,Pull Ups,5,225,1,4,900,251,Strength,1,255
586,1/10/2023,2023-01-10,Pull,2,Deadlift,4,135,1,5,675,251,Strength,1,157.5
587,1/10/2023,2023-01-10,Pull,2,Deadlift,4,225,1,5,1125,251,Strength,1,262.5
588,1/10/2023,2023-01-10,Pull,2,Deadlift,4,315,1,5,1575,251,Strength,1,367.5
589,1/10/2023,2023-01-10,Pull,2,Deadlift,4,405,3,5,6075,251,Strength,1,472.5
590,1/11/2023,2023-01-11,Legs,3,Barbell Squat,7,135,1,8,1080,252,Strength,1,171
591,1/11/2023,2023-01-11,Legs,3,Barbell Squat,7,225,2,8,3600,252,Strength,1,285
592,1/11/2023,2023-01-11,Legs,3,Barbell Squat,7,315,1,5,1575,252,Strength,1,367.5
593,1/11/2023,2023-01-11,Legs,3,Barbell Squat,7,365,1,3,1095,252,Strength,1,401.5
594,1/11/2023,2023-01-11,Legs,3,Barbell Squat,7,385,1,2,770,252,Strength,1,410.6666667
595,1/12/2023,2023-01-12,Push,1,Flat Bench Press,1,135,1,8,1080,253,Strength,1,171
596,1/12/2023,2023-01-12,Push,1,Flat Bench Press,1,185,1,7,1295,253,Strength,1,228.1666667
597,1/12/2023,2023-01-12,Push,1,Flat Bench Press,1,205,2,6,2460,253,Strength,1,246
598,1/12/2023,2023-01-12,Push,1,Overhead Press,3,45,1,8,360,253,Strength,1,57
599,1/12/2023,2023-01-12,Push,1,Overhead Press,3,95,1,8,760,253,Strength,1,120.3333333
600,1/12/2023,2023-01-12,Push,1,Overhead Press,3,135,2,5,1350,253,Strength,1,157.5
601,1/13/2023,2023-01-13,Pull,2,Barbell Row,6,135,1,8,1080,254,Strength,1,171
602,1/13/2023,2023-01-13,Pull,2,Barbell Row,6,185,3,7,3885,254,Strength,1,228.1666667
603,1/13/2023,2023-01-13,Pull,2,Barbell Row,6,0,0,0,0,254,Strength,1,0
63,,1899-12-30,Legs,3,Barbell Squat,7,0,0,0,0,,Strength,1,0
64,,1899-12-30,Legs,3,Barbell Squat,7,0,0,0,0,,Strength,1,0
65,,1899-12-30,Legs,3,Barbell Squat,7,0,0,0,0,,Strength,1,0
66,,1899-12-30,Legs,3,Barbell Squat,7,0,0,0,0,,Strength,1,0
67,,1899-12-30,Legs,3,Barbell Squat,7,0,0,0,0,,Strength,1,0
604,1/14/2023,2023-01-14,Rest,0,Rest,0,0,0,0,0,255,Rest,0,0
605,1/15/2023,2023-01-15,Rest,0,Rest,0,0,0,0,0,256,Rest,0,0
606,1/16/2023,2023-01-16,Push,1,Incline Bench Press,2,135,1,8,1080,257,Strength,1,171
607,1/16/2023,2023-01-16,Push,1,Incline Bench Press,2,185,2,6,2220,257,Strength,1,222
608,1/16/2023,2023-01-16,Push,1,Incline Bench Press,2,0,0,0,0,257,Strength,1,0
609,1/16/2023,2023-01-16,Push,1,Overhead Press,3,45,1,8,360,257,Strength,1,57
610,1/16/2023,2023-01-16,Push,1,Overhead Press,3,95,1,8,760,257,Strength,1,120.3333333
611,1/16/2023,2023-01-16,Push,1,Overhead Press,3,135,2,5,1350,257,Strength,1,157.5
612,1/17/2023,2023-01-17,Pull,2,Pull Ups,5,180,3,10,5400,258,Strength,1,240
613,1/17/2023,2023-01-17,Pull,2,Pull Ups,5,215,1,6,1290,258,Strength,1,258
614,1/17/2023,2023-01-17,Pull,2,Pull Ups,5,225,1,4,900,258,Strength,1,255
615,1/17/2023,2023-01-17,Pull,2,Deadlift,4,135,1,5,675,258,Strength,1,157.5
616,1/17/2023,2023-01-17,Pull,2,Deadlift,4,225,1,5,1125,258,Strength,1,262.5
617,1/17/2023,2023-01-17,Pull,2,Deadlift,4,315,1,5,1575,258,Strength,1,367.5
618,1/17/2023,2023-01-17,Pull,2,Deadlift,4,405,3,5,6075,258,Strength,1,472.5
619,1/18/2023,2023-01-18,Legs,3,Barbell Squat,7,135,1,8,1080,259,Strength,1,171
620,1/18/2023,2023-01-18,Legs,3,Barbell Squat,7,225,2,8,3600,259,Strength,1,285
621,1/18/2023,2023-01-18,Legs,3,Barbell Squat,7,315,1,5,1575,259,Strength,1,367.5
622,1/18/2023,2023-01-18,Legs,3,Barbell Squat,7,365,1,3,1095,259,Strength,1,401.5
623,1/18/2023,2023-01-18,Legs,3,Barbell Squat,7,385,1,2,770,259,Strength,1,410.6666667
624,1/19/2023,2023-01-19,Push,1,Flat Bench Press,1,135,1,8,1080,260,Strength,1,171
625,1/19/2023,2023-01-19,Push,1,Flat Bench Press,1,185,1,7,1295,260,Strength,1,228.1666667
626,1/19/2023,2023-01-19,Push,1,Flat Bench Press,1,205,2,6,2460,260,Strength,1,246
627,1/19/2023,2023-01-19,Push,1,Overhead Press,3,45,1,8,360,260,Strength,1,57
628,1/19/2023,2023-01-19,Push,1,Overhead Press,3,95,1,8,760,260,Strength,1,120.3333333
629,1/19/2023,2023-01-19,Push,1,Overhead Press,3,135,2,5,1350,260,Strength,1,157.5
630,1/20/2023,2023-01-20,Pull,2,Barbell Row,6,135,1,8,1080,261,Strength,1,171
631,1/20/2023,2023-01-20,Pull,2,Barbell Row,6,185,1,8,1480,261,Strength,1,234.3333333
632,1/20/2023,2023-01-20,Pull,2,Barbell Row,6,195,2,6,2340,261,Strength,1,234
97,,1899-12-30,Legs,3,Barbell Squat,7,0,0,0,0,,Strength,1,0
98,,1899-12-30,Legs,3,Barbell Squat,7,0,0,0,0,,Strength,1,0
99,,1899-12-30,Legs,3,Barbell Squat,7,0,0,0,0,,Strength,1,0
100,,1899-12-30,Legs,3,Barbell Squat,7,0,0,0,0,,Strength,1,0
101,,1899-12-30,Legs,3,Barbell Squat,7,0,0,0,0,,Strength,1,0
633,1/21/2023,2023-01-21,Rest,0,Rest,0,0,0,0,0,262,Rest,0,0
634,1/22/2023,2023-01-22,Rest,0,Rest,0,0,0,0,0,263,Rest,0,0
635,1/23/2023,2023-01-23,Push,1,Incline Bench Press,2,135,1,8,1080,264,Strength,1,171
636,1/23/2023,2023-01-23,Push,1,Incline Bench Press,2,185,2,6,2220,264,Strength,1,222
637,1/23/2023,2023-01-23,Push,1,Incline Bench Press,2,0,0,0,0,264,Strength,1,0
638,1/23/2023,2023-01-23,Push,1,Overhead Press,3,45,1,8,360,264,Strength,1,57
639,1/23/2023,2023-01-23,Push,1,Overhead Press,3,95,1,8,760,264,Strength,1,120.3333333
640,1/23/2023,2023-01-23,Push,1,Overhead Press,3,135,2,5,1350,264,Strength,1,157.5
641,1/24/2023,2023-01-24,Pull,2,Pull Ups,5,180,3,10,5400,265,Strength,1,240
642,1/24/2023,2023-01-24,Pull,2,Pull Ups,5,215,1,6,1290,265,Strength,1,258
643,1/24/2023,2023-01-24,Pull,2,Pull Ups,5,225,1,4,900,265,Strength,1,255
644,1/24/2023,2023-01-24,Pull,2,Deadlift,4,135,1,5,675,265,Strength,1,157.5
645,1/24/2023,2023-01-24,Pull,2,Deadlift,4,225,1,5,1125,265,Strength,1,262.5
646,1/24/2023,2023-01-24,Pull,2,Deadlift,4,315,1,5,1575,265,Strength,1,367.5
647,1/24/2023,2023-01-24,Pull,2,Deadlift,4,405,3,5,6075,265,Strength,1,472.5
648,1/25/2023,2023-01-25,Legs,3,Barbell Squat,7,135,1,8,1080,266,Strength,1,171
649,1/25/2023,2023-01-25,Legs,3,Barbell Squat,7,225,2,8,3600,266,Strength,1,285
650,1/25/2023,2023-01-25,Legs,3,Barbell Squat,7,315,1,5,1575,266,Strength,1,367.5
651,1/25/2023,2023-01-25,Legs,3,Barbell Squat,7,365,1,3,1095,266,Strength,1,401.5
652,1/25/2023,2023-01-25,Legs,3,Barbell Squat,7,385,1,2,770,266,Strength,1,410.6666667
653,1/26/2023,2023-01-26,Push,1,Flat Bench Press,1,135,1,8,1080,267,Strength,1,171
654,1/26/2023,2023-01-26,Push,1,Flat Bench Press,1,185,1,7,1295,267,Strength,1,228.1666667
655,1/26/2023,2023-01-26,Push,1,Flat Bench Press,1,205,2,6,2460,267,Strength,1,246
656,1/26/2023,2023-01-26,Push,1,Overhead Press,3,45,1,8,360,267,Strength,1,57
657,1/26/2023,2023-01-26,Push,1,Overhead Press,3,95,1,8,760,267,Strength,1,120.3333333
658,1/26/2023,2023-01-26,Push,1,Overhead Press,3,135,2,5,1350,267,Strength,1,157.5
659,1/27/2023,2023-01-27,Pull,2,Barbell Row,6,135,1,8,1080,268,Strength,1,171
660,1/27/2023,2023-01-27,Pull,2,Barbell Row,6,185,1,8,1480,268,Strength,1,234.3333333
661,1/27/2023,2023-01-27,Pull,2,Barbell Row,6,195,2,6,2340,268,Strength,1,234
131,,1899-12-30,Legs,3,Barbell Squat,7,0,0,0,0,,Strength,1,0
132,,1899-12-30,Legs,3,Barbell Squat,7,0,0,0,0,,Strength,1,0
133,,1899-12-30,Legs,3,Barbell Squat,7,0,0,0,0,,Strength,1,0
134,,1899-12-30,Legs,3,Barbell Squat,7,0,0,0,0,,Strength,1,0
135,,1899-12-30,Legs,3,Barbell Squat,7,0,0,0,0,,Strength,1,0
662,1/28/2023,2023-01-28,Rest,0,Rest,0,0,0,0,0,269,Rest,0,0
663,1/29/2023,2023-01-29,Rest,0,Rest,0,0,0,0,0,270,Rest,0,0
664,1/30/2023,2023-01-30,Push,1,Incline Bench Press,2,135,1,8,1080,271,Strength,1,171
665,1/30/2023,2023-01-30,Push,1,Incline Bench Press,2,185,2,6,2220,271,Strength,1,222
666,1/30/2023,2023-01-30,Push,1,Incline Bench Press,2,0,0,0,0,271,Strength,1,0
667,1/30/2023,2023-01-30,Push,1,Overhead Press,3,45,1,8,360,271,Strength,1,57
668,1/30/2023,2023-01-30,Push,1,Overhead Press,3,95,1,8,760,271,Strength,1,120.3333333
669,1/30/2023,2023-01-30,Push,1,Overhead Press,3,135,2,6,1620,271,Strength,1,162
670,1/31/2023,2023-01-31,Pull,2,Pull Ups,5,180,3,10,5400,272,Strength,1,240
671,1/31/2023,2023-01-31,Pull,2,Pull Ups,5,215,1,6,1290,272,Strength,1,258
672,1/31/2023,2023-01-31,Pull,2,Deadlift,4,135,1,5,675,272,Strength,1,157.5
673,1/31/2023,2023-01-31,Pull,2,Deadlift,4,225,1,5,1125,272,Strength,1,262.5
674,1/31/2023,2023-01-31,Pull,2,Deadlift,4,315,1,5,1575,272,Strength,1,367.5
675,1/31/2023,2023-01-31,Pull,2,Deadlift,4,405,3,5,6075,272,Strength,1,472.5
676,2/1/2023,2023-02-01,Legs,3,Barbell Squat,7,135,1,8,1080,273,Strength,1,171
677,2/1/2023,2023-02-01,Legs,3,Barbell Squat,7,225,2,8,3600,273,Strength,1,285
678,2/1/2023,2023-02-01,Legs,3,Barbell Squat,7,315,1,5,1575,273,Strength,1,367.5
679,2/1/2023,2023-02-01,Legs,3,Barbell Squat,7,365,1,3,1095,273,Strength,1,401.5
680,2/1/2023,2023-02-01,Legs,3,Barbell Squat,7,385,1,2,770,273,Strength,1,410.6666667
681,2/2/2023,2023-02-02,Push,1,Flat Bench Press,1,135,1,8,1080,274,Strength,1,171
682,2/2/2023,2023-02-02,Push,1,Flat Bench Press,1,185,1,7,1295,274,Strength,1,228.1666667
683,2/2/2023,2023-02-02,Push,1,Flat Bench Press,1,205,2,6,2460,274,Strength,1,246
684,2/2/2023,2023-02-02,Push,1,Overhead Press,3,45,1,8,360,274,Strength,1,57
685,2/2/2023,2023-02-02,Push,1,Overhead Press,3,95,1,8,760,274,Strength,1,120.3333333
686,2/2/2023,2023-02-02,Push,1,Overhead Press,3,135,2,6,1620,274,Strength,1,162
687,2/3/2023,2023-02-03,Pull,2,Barbell Row,6,135,1,8,1080,275,Strength,1,171
688,2/3/2023,2023-02-03,Pull,2,Barbell Row,6,185,1,8,1480,275,Strength,1,234.3333333
689,2/3/2023,2023-02-03,Pull,2,Barbell Row,6,205,2,6,2460,275,Strength,1,246
690,2/4/2023,2023-02-04,Legs,3,Barbell Squat,7,135,1,8,1080,276,Strength,1,171
691,2/4/2023,2023-02-04,Legs,3,Barbell Squat,7,225,2,8,3600,276,Strength,1,285
692,2/4/2023,2023-02-04,Legs,3,Barbell Squat,7,315,2,5,3150,276,Strength,1,367.5
693,2/4/2023,2023-02-04,Legs,3,Barbell Squat,7,0,0,0,0,276,Strength,1,0
694,2/4/2023,2023-02-04,Legs,3,Barbell Squat,7,0,0,0,0,276,Strength,1,0
695,2/5/2023,2023-02-05,Rest,0,Rest,0,0,0,0,0,277,Rest,0,0
696,2/6/2023,2023-02-06,Push,1,Incline Bench Press,2,135,1,8,1080,278,Strength,1,171
697,2/6/2023,2023-02-06,Push,1,Incline Bench Press,2,185,2,6,2220,278,Strength,1,222
698,2/6/2023,2023-02-06,Push,1,Incline Bench Press,2,0,0,0,0,278,Strength,1,0
699,2/6/2023,2023-02-06,Push,1,Overhead Press,3,45,1,8,360,278,Strength,1,57
700,2/6/2023,2023-02-06,Push,1,Overhead Press,3,95,1,8,760,278,Strength,1,120.3333333
701,2/6/2023,2023-02-06,Push,1,Overhead Press,3,135,2,6,1620,278,Strength,1,162
702,2/7/2023,2023-02-07,Pull,2,Pull Ups,5,180,3,10,5400,279,Strength,1,240
703,2/7/2023,2023-02-07,Pull,2,Pull Ups,5,215,1,6,1290,279,Strength,1,258
704,2/7/2023,2023-02-07,Pull,2,Pull Ups,5,225,1,4,900,279,Strength,1,255
705,2/7/2023,2023-02-07,Pull,2,Deadlift,4,135,1,5,675,279,Strength,1,157.5
706,2/7/2023,2023-02-07,Pull,2,Deadlift,4,225,1,5,1125,279,Strength,1,262.5
707,2/7/2023,2023-02-07,Pull,2,Deadlift,4,315,1,5,1575,279,Strength,1,367.5
708,2/7/2023,2023-02-07,Pull,2,Deadlift,4,405,3,5,6075,279,Strength,1,472.5
709,2/8/2023,2023-02-08,Legs,3,Barbell Squat,7,135,1,8,1080,280,Strength,1,171
710,2/8/2023,2023-02-08,Legs,3,Barbell Squat,7,225,2,8,3600,280,Strength,1,285
711,2/8/2023,2023-02-08,Legs,3,Barbell Squat,7,315,1,5,1575,280,Strength,1,367.5
712,2/8/2023,2023-02-08,Legs,3,Barbell Squat,7,365,1,3,1095,280,Strength,1,401.5
713,2/8/2023,2023-02-08,Legs,3,Barbell Squat,7,385,1,2,770,280,Strength,1,410.6666667
714,2/9/2023,2023-02-09,Push,1,Flat Bench Press,1,135,1,8,1080,281,Strength,1,171
715,2/9/2023,2023-02-09,Push,1,Flat Bench Press,1,185,1,7,1295,281,Strength,1,228.1666667
716,2/9/2023,2023-02-09,Push,1,Flat Bench Press,1,205,2,6,2460,281,Strength,1,246
717,2/9/2023,2023-02-09,Push,1,Overhead Press,3,45,1,8,360,281,Strength,1,57
718,2/9/2023,2023-02-09,Push,1,Overhead Press,3,95,1,8,760,281,Strength,1,120.3333333
719,2/9/2023,2023-02-09,Push,1,Overhead Press,3,135,2,6,1620,281,Strength,1,162
720,2/10/2023,2023-02-10,Pull,2,Barbell Row,6,135,1,8,1080,282,Strength,1,171
721,2/10/2023,2023-02-10,Pull,2,Barbell Row,6,185,1,8,1480,282,Strength,1,234.3333333
722,2/10/2023,2023-02-10,Pull,2,Barbell Row,6,205,2,6,2460,282,Strength,1,246
723,2/11/2023,2023-02-11,Legs,3,Barbell Squat,7,135,1,8,1080,283,Strength,1,171
724,2/11/2023,2023-02-11,Legs,3,Barbell Squat,7,225,2,8,3600,283,Strength,1,285
725,2/11/2023,2023-02-11,Legs,3,Barbell Squat,7,315,2,5,3150,283,Strength,1,367.5
726,2/11/2023,2023-02-11,Legs,3,Barbell Squat,7,0,0,0,0,283,Strength,1,0
727,2/11/2023,2023-02-11,Legs,3,Barbell Squat,7,0,0,0,0,283,Strength,1,0
728,2/12/2023,2023-02-12,Rest,0,Rest,0,0,0,0,0,284,Rest,0,0
729,2/13/2023,2023-02-13,Push,1,Incline Bench Press,2,135,1,8,1080,285,Strength,1,171
730,2/13/2023,2023-02-13,Push,1,Incline Bench Press,2,185,2,5,1850,285,Strength,1,215.8333333
731,2/13/2023,2023-02-13,Push,1,Incline Bench Press,2,195,2,3,1170,285,Strength,1,214.5
732,2/13/2023,2023-02-13,Push,1,Overhead Press,3,45,1,8,360,285,Strength,1,57
733,2/13/2023,2023-02-13,Push,1,Overhead Press,3,95,1,8,760,285,Strength,1,120.3333333
734,2/13/2023,2023-02-13,Push,1,Overhead Press,3,135,2,6,1620,285,Strength,1,162
735,2/14/2023,2023-02-14,Pull,2,Pull Ups,5,180,3,10,5400,286,Strength,1,240
736,2/14/2023,2023-02-14,Pull,2,Pull Ups,5,215,1,6,1290,286,Strength,1,258
737,2/14/2023,2023-02-14,Pull,2,Pull Ups,5,225,1,4,900,286,Strength,1,255
738,2/14/2023,2023-02-14,Pull,2,Deadlift,4,135,1,5,675,286,Strength,1,157.5
739,2/14/2023,2023-02-14,Pull,2,Deadlift,4,225,1,5,1125,286,Strength,1,262.5
740,2/14/2023,2023-02-14,Pull,2,Deadlift,4,315,1,5,1575,286,Strength,1,367.5
741,2/14/2023,2023-02-14,Pull,2,Deadlift,4,405,3,5,6075,286,Strength,1,472.5
742,2/15/2023,2023-02-15,Legs,3,Barbell Squat,7,135,1,8,1080,287,Strength,1,171
743,2/15/2023,2023-02-15,Legs,3,Barbell Squat,7,225,2,8,3600,287,Strength,1,285
744,2/15/2023,2023-02-15,Legs,3,Barbell Squat,7,315,1,5,1575,287,Strength,1,367.5
745,2/15/2023,2023-02-15,Legs,3,Barbell Squat,7,365,1,3,1095,287,Strength,1,401.5
746,2/15/2023,2023-02-15,Legs,3,Barbell Squat,7,385,1,2,770,287,Strength,1,410.6666667
747,2/16/2023,2023-02-16,Push,1,Flat Bench Press,1,135,1,8,1080,288,Strength,1,171
748,2/16/2023,2023-02-16,Push,1,Flat Bench Press,1,185,1,7,1295,288,Strength,1,228.1666667
749,2/16/2023,2023-02-16,Push,1,Flat Bench Press,1,205,2,6,2460,288,Strength,1,246
750,2/16/2023,2023-02-16,Push,1,Overhead Press,3,45,1,8,360,288,Strength,1,57
751,2/16/2023,2023-02-16,Push,1,Overhead Press,3,95,1,8,760,288,Strength,1,120.3333333
752,2/16/2023,2023-02-16,Push,1,Overhead Press,3,135,2,6,1620,288,Strength,1,162
753,2/17/2023,2023-02-17,Pull,2,Barbell Row,6,135,1,8,1080,289,Strength,1,171
754,2/17/2023,2023-02-17,Pull,2,Barbell Row,6,185,1,8,1480,289,Strength,1,234.3333333
755,2/17/2023,2023-02-17,Pull,2,Barbell Row,6,205,2,6,2460,289,Strength,1,246
756,2/18/2023,2023-02-18,Legs,3,Barbell Squat,7,135,1,8,1080,290,Strength,1,171
757,2/18/2023,2023-02-18,Legs,3,Barbell Squat,7,225,2,8,3600,290,Strength,1,285
758,2/18/2023,2023-02-18,Legs,3,Barbell Squat,7,315,2,5,3150,290,Strength,1,367.5
759,2/18/2023,2023-02-18,Legs,3,Barbell Squat,7,0,0,0,0,290,Strength,1,0
760,2/18/2023,2023-02-18,Legs,3,Barbell Squat,7,0,0,0,0,290,Strength,1,0
761,2/19/2023,2023-02-19,Rest,0,Rest,0,0,0,0,0,291,Rest,0,0
762,2/20/2023,2023-02-20,Push,1,Incline Bench Press,2,135,1,8,1080,292,Strength,1,171
763,2/20/2023,2023-02-20,Push,1,Incline Bench Press,2,185,2,5,1850,292,Strength,1,215.8333333
764,2/20/2023,2023-02-20,Push,1,Incline Bench Press,2,195,2,3,1170,292,Strength,1,214.5
765,2/20/2023,2023-02-20,Push,1,Overhead Press,3,95,1,8,760,292,Strength,1,120.3333333
766,2/20/2023,2023-02-20,Push,1,Overhead Press,3,135,1,6,810,292,Strength,1,162
767,2/20/2023,2023-02-20,Push,1,Overhead Press,3,145,2,3,870,292,Strength,1,159.5
768,2/21/2023,2023-02-21,Pull,2,Pull Ups,5,180,3,10,5400,293,Strength,1,240
769,2/21/2023,2023-02-21,Pull,2,Pull Ups,5,215,1,6,1290,293,Strength,1,258
770,2/21/2023,2023-02-21,Pull,2,Pull Ups,5,225,1,4,900,293,Strength,1,255
771,2/21/2023,2023-02-21,Pull,2,Deadlift,4,135,1,5,675,293,Strength,1,157.5
772,2/21/2023,2023-02-21,Pull,2,Deadlift,4,225,1,5,1125,293,Strength,1,262.5
773,2/21/2023,2023-02-21,Pull,2,Deadlift,4,315,1,5,1575,293,Strength,1,367.5
774,2/21/2023,2023-02-21,Pull,2,Deadlift,4,405,3,5,6075,293,Strength,1,472.5
775,2/22/2023,2023-02-22,Legs,3,Barbell Squat,7,135,1,8,1080,294,Strength,1,171
776,2/22/2023,2023-02-22,Legs,3,Barbell Squat,7,225,2,8,3600,294,Strength,1,285
777,2/22/2023,2023-02-22,Legs,3,Barbell Squat,7,315,1,5,1575,294,Strength,1,367.5
778,2/22/2023,2023-02-22,Legs,3,Barbell Squat,7,365,1,3,1095,294,Strength,1,401.5
779,2/22/2023,2023-02-22,Legs,3,Barbell Squat,7,385,1,3,1155,294,Strength,1,423.5
780,2/23/2023,2023-02-23,Push,1,Flat Bench Press,1,135,1,8,1080,295,Strength,1,171
781,2/23/2023,2023-02-23,Push,1,Flat Bench Press,1,185,1,7,1295,295,Strength,1,228.1666667
782,2/23/2023,2023-02-23,Push,1,Flat Bench Press,1,205,2,6,2460,295,Strength,1,246
783,2/23/2023,2023-02-23,Push,1,Overhead Press,3,95,1,8,760,295,Strength,1,120.3333333
784,2/23/2023,2023-02-23,Push,1,Overhead Press,3,135,1,6,810,295,Strength,1,162
785,2/23/2023,2023-02-23,Push,1,Overhead Press,3,145,2,3,870,295,Strength,1,159.5
786,2/24/2023,2023-02-24,Pull,2,Barbell Row,6,135,1,8,1080,296,Strength,1,171
787,2/24/2023,2023-02-24,Pull,2,Barbell Row,6,185,1,8,1480,296,Strength,1,234.3333333
788,2/24/2023,2023-02-24,Pull,2,Barbell Row,6,205,2,6,2460,296,Strength,1,246
789,2/25/2023,2023-02-25,Legs,3,Barbell Squat,7,135,1,8,1080,297,Strength,1,171
790,2/25/2023,2023-02-25,Legs,3,Barbell Squat,7,225,2,8,3600,297,Strength,1,285
791,2/25/2023,2023-02-25,Legs,3,Barbell Squat,7,315,2,5,3150,297,Strength,1,367.5
792,2/25/2023,2023-02-25,Legs,3,Barbell Squat,7,0,0,0,0,297,Strength,1,0
793,2/25/2023,2023-02-25,Legs,3,Barbell Squat,7,0,0,0,0,297,Strength,1,0
794,2/26/2023,2023-02-26,Rest,0,Rest,0,0,0,0,0,298,Rest,0,0
795,2/27/2023,2023-02-27,Push,1,Incline Bench Press,2,135,1,8,1080,299,Strength,1,171
796,2/27/2023,2023-02-27,Push,1,Incline Bench Press,2,185,2,6,2220,299,Strength,1,222
797,2/27/2023,2023-02-27,Push,1,Incline Bench Press,2,195,2,4,1560,299,Strength,1,221
798,2/27/2023,2023-02-27,Push,1,Overhead Press,3,95,1,8,760,299,Strength,1,120.3333333
799,2/27/2023,2023-02-27,Push,1,Overhead Press,3,135,1,6,810,299,Strength,1,162
800,2/27/2023,2023-02-27,Push,1,Overhead Press,3,145,2,3,870,299,Strength,1,159.5
801,2/28/2023,2023-02-28,Pull,2,Pull Ups,5,180,3,10,5400,300,Strength,1,240
802,2/28/2023,2023-02-28,Pull,2,Pull Ups,5,215,1,6,1290,300,Strength,1,258
803,2/28/2023,2023-02-28,Pull,2,Pull Ups,5,225,1,4,900,300,Strength,1,255
804,2/28/2023,2023-02-28,Pull,2,Deadlift,4,135,1,5,675,300,Strength,1,157.5
805,2/28/2023,2023-02-28,Pull,2,Deadlift,4,225,1,5,1125,300,Strength,1,262.5
806,2/28/2023,2023-02-28,Pull,2,Deadlift,4,315,1,5,1575,300,Strength,1,367.5
807,2/28/2023,2023-02-28,Pull,2,Deadlift,4,405,3,5,6075,300,Strength,1,472.5
808,3/1/2023,2023-03-01,Legs,3,Barbell Squat,7,135,1,8,1080,301,Strength,1,171
809,3/1/2023,2023-03-01,Legs,3,Barbell Squat,7,225,2,8,3600,301,Strength,1,285
810,3/1/2023,2023-03-01,Legs,3,Barbell Squat,7,315,1,5,1575,301,Strength,1,367.5
811,3/1/2023,2023-03-01,Legs,3,Barbell Squat,7,365,1,3,1095,301,Strength,1,401.5
812,3/1/2023,2023-03-01,Legs,3,Barbell Squat,7,405,1,2,810,301,Strength,1,432
813,3/2/2023,2023-03-02,Push,1,Flat Bench Press,1,135,1,8,1080,302,Strength,1,171
814,3/2/2023,2023-03-02,Push,1,Flat Bench Press,1,185,1,7,1295,302,Strength,1,228.1666667
815,3/2/2023,2023-03-02,Push,1,Flat Bench Press,1,205,2,6,2460,302,Strength,1,246
816,3/2/2023,2023-03-02,Push,1,Overhead Press,3,95,1,8,760,302,Strength,1,120.3333333
817,3/2/2023,2023-03-02,Push,1,Overhead Press,3,135,1,6,810,302,Strength,1,162
818,3/2/2023,2023-03-02,Push,1,Overhead Press,3,145,2,3,870,302,Strength,1,159.5
819,3/3/2023,2023-03-03,Pull,2,Barbell Row,6,135,1,8,1080,303,Strength,1,171
820,3/3/2023,2023-03-03,Pull,2,Barbell Row,6,185,1,8,1480,303,Strength,1,234.3333333
821,3/3/2023,2023-03-03,Pull,2,Barbell Row,6,225,2,6,2700,303,Strength,1,270
822,3/4/2023,2023-03-04,Legs,3,Barbell Squat,7,135,1,8,1080,304,Strength,1,171
823,3/4/2023,2023-03-04,Legs,3,Barbell Squat,7,225,2,8,3600,304,Strength,1,285
824,3/4/2023,2023-03-04,Legs,3,Barbell Squat,7,315,2,6,3780,304,Strength,1,378
825,3/4/2023,2023-03-04,Legs,3,Barbell Squat,7,0,0,0,0,304,Strength,1,0
826,3/4/2023,2023-03-04,Legs,3,Barbell Squat,7,0,0,0,0,304,Strength,1,0
827,3/5/2023,2023-03-05,Rest,0,Rest,0,0,0,0,0,305,Rest,0,0
828,3/6/2023,2023-03-06,Push,1,Incline Bench Press,2,135,1,8,1080,306,Strength,1,171
829,3/6/2023,2023-03-06,Push,1,Incline Bench Press,2,185,2,6,2220,306,Strength,1,222
830,3/6/2023,2023-03-06,Push,1,Incline Bench Press,2,195,2,4,1560,306,Strength,1,221
831,3/6/2023,2023-03-06,Push,1,Overhead Press,3,95,1,8,760,306,Strength,1,120.3333333
832,3/6/2023,2023-03-06,Push,1,Overhead Press,3,135,1,6,810,306,Strength,1,162
833,3/6/2023,2023-03-06,Push,1,Overhead Press,3,145,2,3,870,306,Strength,1,159.5
834,3/7/2023,2023-03-07,Pull,2,Pull Ups,5,180,3,10,5400,307,Strength,1,240
835,3/7/2023,2023-03-07,Pull,2,Pull Ups,5,215,1,6,1290,307,Strength,1,258
836,3/7/2023,2023-03-07,Pull,2,Pull Ups,5,225,1,4,900,307,Strength,1,255
837,3/7/2023,2023-03-07,Pull,2,Deadlift,4,135,1,5,675,307,Strength,1,157.5
838,3/7/2023,2023-03-07,Pull,2,Deadlift,4,225,1,5,1125,307,Strength,1,262.5
839,3/7/2023,2023-03-07,Pull,2,Deadlift,4,315,1,5,1575,307,Strength,1,367.5
840,3/7/2023,2023-03-07,Pull,2,Deadlift,4,405,3,5,6075,307,Strength,1,472.5
841,3/8/2023,2023-03-08,Legs,3,Barbell Squat,7,135,1,8,1080,308,Strength,1,171
842,3/8/2023,2023-03-08,Legs,3,Barbell Squat,7,225,2,8,3600,308,Strength,1,285
843,3/8/2023,2023-03-08,Legs,3,Barbell Squat,7,315,1,5,1575,308,Strength,1,367.5
844,3/8/2023,2023-03-08,Legs,3,Barbell Squat,7,365,1,3,1095,308,Strength,1,401.5
845,3/8/2023,2023-03-08,Legs,3,Barbell Squat,7,405,1,2,810,308,Strength,1,432
846,3/9/2023,2023-03-09,Push,1,Flat Bench Press,1,135,1,8,1080,309,Strength,1,171
847,3/9/2023,2023-03-09,Push,1,Flat Bench Press,1,185,1,7,1295,309,Strength,1,228.1666667
848,3/9/2023,2023-03-09,Push,1,Flat Bench Press,1,205,2,6,2460,309,Strength,1,246
849,3/9/2023,2023-03-09,Push,1,Overhead Press,3,45,1,8,360,309,Strength,1,57
850,3/9/2023,2023-03-09,Push,1,Overhead Press,3,95,1,8,760,309,Strength,1,120.3333333
851,3/9/2023,2023-03-09,Push,1,Overhead Press,3,115,2,7,1610,309,Strength,1,141.8333333
852,3/10/2023,2023-03-10,Pull,2,Barbell Row,6,135,1,8,1080,310,Strength,1,171
853,3/10/2023,2023-03-10,Pull,2,Barbell Row,6,185,1,8,1480,310,Strength,1,234.3333333
854,3/10/2023,2023-03-10,Pull,2,Barbell Row,6,225,2,6,2700,310,Strength,1,270
855,3/11/2023,2023-03-11,Legs,3,Barbell Squat,7,135,1,8,1080,311,Strength,1,171
856,3/11/2023,2023-03-11,Legs,3,Barbell Squat,7,225,2,8,3600,311,Strength,1,285
857,3/11/2023,2023-03-11,Legs,3,Barbell Squat,7,315,2,6,3780,311,Strength,1,378
858,3/11/2023,2023-03-11,Legs,3,Barbell Squat,7,0,0,0,0,311,Strength,1,0
859,3/11/2023,2023-03-11,Legs,3,Barbell Squat,7,0,0,0,0,311,Strength,1,0
860,3/12/2023,2023-03-12,Rest,0,Rest,0,0,0,0,0,312,Rest,0,0
861,3/13/2023,2023-03-13,Push,1,Incline Bench Press,2,135,1,8,1080,313,Strength,1,171
862,3/13/2023,2023-03-13,Push,1,Incline Bench Press,2,185,2,6,2220,313,Strength,1,222
863,3/13/2023,2023-03-13,Push,1,Incline Bench Press,2,195,2,5,1950,313,Strength,1,227.5
864,3/13/2023,2023-03-13,Push,1,Overhead Press,3,95,1,8,760,313,Strength,1,120.3333333
865,3/13/2023,2023-03-13,Push,1,Overhead Press,3,135,1,6,810,313,Strength,1,162
866,3/13/2023,2023-03-13,Push,1,Overhead Press,3,145,2,3,870,313,Strength,1,159.5
867,3/14/2023,2023-03-14,Pull,2,Pull Ups,5,180,3,10,5400,314,Strength,1,240
868,3/14/2023,2023-03-14,Pull,2,Pull Ups,5,215,1,6,1290,314,Strength,1,258
869,3/14/2023,2023-03-14,Pull,2,Pull Ups,5,225,1,4,900,314,Strength,1,255
870,3/14/2023,2023-03-14,Pull,2,Deadlift,4,135,1,5,675,314,Strength,1,157.5
871,3/14/2023,2023-03-14,Pull,2,Deadlift,4,225,1,5,1125,314,Strength,1,262.5
872,3/14/2023,2023-03-14,Pull,2,Deadlift,4,315,1,5,1575,314,Strength,1,367.5
873,3/14/2023,2023-03-14,Pull,2,Deadlift,4,405,3,5,6075,314,Strength,1,472.5
874,3/15/2023,2023-03-15,Legs,3,Barbell Squat,7,135,1,8,1080,315,Strength,1,171
875,3/15/2023,2023-03-15,Legs,3,Barbell Squat,7,225,2,8,3600,315,Strength,1,285
876,3/15/2023,2023-03-15,Legs,3,Barbell Squat,7,315,1,5,1575,315,Strength,1,367.5
877,3/15/2023,2023-03-15,Legs,3,Barbell Squat,7,365,1,3,1095,315,Strength,1,401.5
878,3/15/2023,2023-03-15,Legs,3,Barbell Squat,7,405,1,2,810,315,Strength,1,432
879,3/16/2023,2023-03-16,Push,1,Flat Bench Press,1,135,1,8,1080,316,Strength,1,171
880,3/16/2023,2023-03-16,Push,1,Flat Bench Press,1,185,1,7,1295,316,Strength,1,228.1666667
881,3/16/2023,2023-03-16,Push,1,Flat Bench Press,1,205,2,6,2460,316,Strength,1,246
882,3/16/2023,2023-03-16,Push,1,Overhead Press,3,95,1,8,760,316,Strength,1,120.3333333
883,3/16/2023,2023-03-16,Push,1,Overhead Press,3,135,1,6,810,316,Strength,1,162
884,3/16/2023,2023-03-16,Push,1,Overhead Press,3,145,2,3,870,316,Strength,1,159.5
885,3/17/2023,2023-03-17,Pull,2,Barbell Row,6,135,1,8,1080,317,Strength,1,171
886,3/17/2023,2023-03-17,Pull,2,Barbell Row,6,185,1,8,1480,317,Strength,1,234.3333333
887,3/17/2023,2023-03-17,Pull,2,Barbell Row,6,225,2,6,2700,317,Strength,1,270
888,3/18/2023,2023-03-18,Legs,3,Barbell Squat,7,135,1,8,1080,318,Strength,1,171
889,3/18/2023,2023-03-18,Legs,3,Barbell Squat,7,225,2,8,3600,318,Strength,1,285
890,3/18/2023,2023-03-18,Legs,3,Barbell Squat,7,315,2,6,3780,318,Strength,1,378
891,3/18/2023,2023-03-18,Legs,3,Barbell Squat,7,0,0,0,0,318,Strength,1,0
892,3/18/2023,2023-03-18,Legs,3,Barbell Squat,7,0,0,0,0,318,Strength,1,0
893,3/19/2023,2023-03-19,Rest,0,Rest,0,0,0,0,0,319,Rest,0,0
894,3/20/2023,2023-03-20,Push,1,Incline Bench Press,2,135,1,8,1080,320,Strength,1,171
895,3/20/2023,2023-03-20,Push,1,Incline Bench Press,2,185,2,6,2220,320,Strength,1,222
896,3/20/2023,2023-03-20,Push,1,Incline Bench Press,2,205,2,5,2050,320,Strength,1,239.1666667
897,3/20/2023,2023-03-20,Push,1,Overhead Press,3,95,1,8,760,320,Strength,1,120.3333333
898,3/20/2023,2023-03-20,Push,1,Overhead Press,3,135,1,6,810,320,Strength,1,162
899,3/20/2023,2023-03-20,Push,1,Overhead Press,3,145,2,3,870,320,Strength,1,159.5
900,3/21/2023,2023-03-21,Pull,2,Pull Ups,5,180,3,10,5400,321,Strength,1,240
901,3/21/2023,2023-03-21,Pull,2,Pull Ups,5,215,1,6,1290,321,Strength,1,258
902,3/21/2023,2023-03-21,Pull,2,Pull Ups,5,225,1,4,900,321,Strength,1,255
903,3/21/2023,2023-03-21,Pull,2,Deadlift,4,135,1,5,675,321,Strength,1,157.5
904,3/21/2023,2023-03-21,Pull,2,Deadlift,4,225,1,5,1125,321,Strength,1,262.5
905,3/21/2023,2023-03-21,Pull,2,Deadlift,4,315,1,5,1575,321,Strength,1,367.5
906,3/21/2023,2023-03-21,Pull,2,Deadlift,4,405,3,5,6075,321,Strength,1,472.5
907,3/22/2023,2023-03-22,Legs,3,Barbell Squat,7,135,1,8,1080,322,Strength,1,171
908,3/22/2023,2023-03-22,Legs,3,Barbell Squat,7,225,2,8,3600,322,Strength,1,285
909,3/22/2023,2023-03-22,Legs,3,Barbell Squat,7,315,1,5,1575,322,Strength,1,367.5
910,3/22/2023,2023-03-22,Legs,3,Barbell Squat,7,365,1,4,1460,322,Strength,1,413.6666667
911,3/22/2023,2023-03-22,Legs,3,Barbell Squat,7,405,1,2,810,322,Strength,1,432
912,3/23/2023,2023-03-23,Push,1,Flat Bench Press,1,135,1,8,1080,323,Strength,1,171
913,3/23/2023,2023-03-23,Push,1,Flat Bench Press,1,185,1,7,1295,323,Strength,1,228.1666667
914,3/23/2023,2023-03-23,Push,1,Flat Bench Press,1,205,2,7,2870,323,Strength,1,252.8333333
915,3/23/2023,2023-03-23,Push,1,Overhead Press,3,95,1,8,760,323,Strength,1,120.3333333
916,3/23/2023,2023-03-23,Push,1,Overhead Press,3,135,1,6,810,323,Strength,1,162
917,3/23/2023,2023-03-23,Push,1,Overhead Press,3,145,2,3,870,323,Strength,1,159.5
918,3/24/2023,2023-03-24,Pull,2,Barbell Row,6,135,1,8,1080,324,Strength,1,171
919,3/24/2023,2023-03-24,Pull,2,Barbell Row,6,185,1,8,1480,324,Strength,1,234.3333333
920,3/24/2023,2023-03-24,Pull,2,Barbell Row,6,225,2,6,2700,324,Strength,1,270
921,3/25/2023,2023-03-25,Legs,3,Barbell Squat,7,135,1,8,1080,325,Strength,1,171
922,3/25/2023,2023-03-25,Legs,3,Barbell Squat,7,225,2,8,3600,325,Strength,1,285
923,3/25/2023,2023-03-25,Legs,3,Barbell Squat,7,315,2,6,3780,325,Strength,1,378
924,3/25/2023,2023-03-25,Legs,3,Barbell Squat,7,0,0,0,0,325,Strength,1,0
925,3/25/2023,2023-03-25,Legs,3,Barbell Squat,7,0,0,0,0,325,Strength,1,0
926,3/26/2023,2023-03-26,Rest,0,Rest,0,0,0,0,0,326,Rest,0,0
927,3/27/2023,2023-03-27,Push,1,Incline Bench Press,2,135,1,8,1080,327,Strength,1,171
928,3/27/2023,2023-03-27,Push,1,Incline Bench Press,2,185,1,6,1110,327,Strength,1,222
929,3/27/2023,2023-03-27,Push,1,Incline Bench Press,2,205,2,5,2050,327,Strength,1,239.1666667
930,3/27/2023,2023-03-27,Push,1,Overhead Press,3,95,1,8,760,327,Strength,1,120.3333333
931,3/27/2023,2023-03-27,Push,1,Overhead Press,3,135,1,6,810,327,Strength,1,162
932,3/27/2023,2023-03-27,Push,1,Overhead Press,3,145,2,3,870,327,Strength,1,159.5
933,3/28/2023,2023-03-28,Pull,2,Pull Ups,5,180,3,10,5400,328,Strength,1,240
934,3/28/2023,2023-03-28,Pull,2,Pull Ups,5,215,1,6,1290,328,Strength,1,258
935,3/28/2023,2023-03-28,Pull,2,Pull Ups,5,225,1,4,900,328,Strength,1,255
936,3/28/2023,2023-03-28,Pull,2,Deadlift,4,135,1,5,675,328,Strength,1,157.5
937,3/28/2023,2023-03-28,Pull,2,Deadlift,4,225,1,5,1125,328,Strength,1,262.5
938,3/28/2023,2023-03-28,Pull,2,Deadlift,4,315,1,5,1575,328,Strength,1,367.5
939,3/28/2023,2023-03-28,Pull,2,Deadlift,4,405,3,5,6075,328,Strength,1,472.5
940,3/29/2023,2023-03-29,Legs,3,Barbell Squat,7,135,1,8,1080,329,Strength,1,171
941,3/29/2023,2023-03-29,Legs,3,Barbell Squat,7,225,2,8,3600,329,Strength,1,285
942,3/29/2023,2023-03-29,Legs,3,Barbell Squat,7,315,1,5,1575,329,Strength,1,367.5
943,3/29/2023,2023-03-29,Legs,3,Barbell Squat,7,365,1,4,1460,329,Strength,1,413.6666667
944,3/29/2023,2023-03-29,Legs,3,Barbell Squat,7,405,1,2,810,329,Strength,1,432
945,3/30/2023,2023-03-30,Push,1,Flat Bench Press,1,135,1,8,1080,330,Strength,1,171
946,3/30/2023,2023-03-30,Push,1,Flat Bench Press,1,185,1,7,1295,330,Strength,1,228.1666667
947,3/30/2023,2023-03-30,Push,1,Flat Bench Press,1,225,2,4,1800,330,Strength,1,255
948,3/30/2023,2023-03-30,Push,1,Overhead Press,3,95,1,8,760,330,Strength,1,120.3333333
949,3/30/2023,2023-03-30,Push,1,Overhead Press,3,135,1,6,810,330,Strength,1,162
950,3/30/2023,2023-03-30,Push,1,Overhead Press,3,145,2,3,870,330,Strength,1,159.5
951,3/31/2023,2023-03-31,Pull,2,Barbell Row,6,135,1,8,1080,331,Strength,1,171
952,3/31/2023,2023-03-31,Pull,2,Barbell Row,6,185,1,8,1480,331,Strength,1,234.3333333
953,3/31/2023,2023-03-31,Pull,2,Barbell Row,6,225,2,6,2700,331,Strength,1,270
954,4/1/2023,2023-04-01,Legs,3,Barbell Squat,7,135,1,8,1080,332,Strength,1,171
955,4/1/2023,2023-04-01,Legs,3,Barbell Squat,7,225,2,8,3600,332,Strength,1,285
956,4/1/2023,2023-04-01,Legs,3,Barbell Squat,7,315,2,6,3780,332,Strength,1,378
957,4/1/2023,2023-04-01,Legs,3,Barbell Squat,7,0,0,0,0,332,Strength,1,0
958,4/1/2023,2023-04-01,Legs,3,Barbell Squat,7,0,0,0,0,332,Strength,1,0
959,4/2/2023,2023-04-02,Rest,0,Rest,0,0,0,0,0,333,Rest,0,0
960,4/3/2023,2023-04-03,Push,1,Incline Bench Press,2,135,1,8,1080,334,Strength,1,171
961,4/3/2023,2023-04-03,Push,1,Incline Bench Press,2,185,1,6,1110,334,Strength,1,222
962,4/3/2023,2023-04-03,Push,1,Incline Bench Press,2,205,2,5,2050,334,Strength,1,239.1666667
963,4/3/2023,2023-04-03,Push,1,Overhead Press,3,95,1,8,760,334,Strength,1,120.3333333
964,4/3/2023,2023-04-03,Push,1,Overhead Press,3,135,1,6,810,334,Strength,1,162
965,4/3/2023,2023-04-03,Push,1,Overhead Press,3,145,2,4,1160,334,Strength,1,164.3333333
966,4/4/2023,2023-04-04,Pull,2,Pull Ups,5,180,3,10,5400,335,Strength,1,240
967,4/4/2023,2023-04-04,Pull,2,Pull Ups,5,215,1,6,1290,335,Strength,1,258
968,4/4/2023,2023-04-04,Pull,2,Pull Ups,5,225,1,4,900,335,Strength,1,255
969,4/4/2023,2023-04-04,Pull,2,Deadlift,4,135,1,5,675,335,Strength,1,157.5
970,4/4/2023,2023-04-04,Pull,2,Deadlift,4,225,1,5,1125,335,Strength,1,262.5
971,4/4/2023,2023-04-04,Pull,2,Deadlift,4,315,1,5,1575,335,Strength,1,367.5
972,4/4/2023,2023-04-04,Pull,2,Deadlift,4,405,3,5,6075,335,Strength,1,472.5
973,4/5/2023,2023-04-05,Legs,3,Barbell Squat,7,135,1,8,1080,336,Strength,1,171
974,4/5/2023,2023-04-05,Legs,3,Barbell Squat,7,225,2,8,3600,336,Strength,1,285
975,4/5/2023,2023-04-05,Legs,3,Barbell Squat,7,315,1,5,1575,336,Strength,1,367.5
976,4/5/2023,2023-04-05,Legs,3,Barbell Squat,7,365,1,4,1460,336,Strength,1,413.6666667
977,4/5/2023,2023-04-05,Legs,3,Barbell Squat,7,405,1,2,810,336,Strength,1,432
978,4/6/2023,2023-04-06,Push,1,Flat Bench Press,1,135,1,8,1080,337,Strength,1,171
979,4/6/2023,2023-04-06,Push,1,Flat Bench Press,1,185,1,7,1295,337,Strength,1,228.1666667
980,4/6/2023,2023-04-06,Push,1,Flat Bench Press,1,225,2,4,1800,337,Strength,1,255
981,4/6/2023,2023-04-06,Push,1,Overhead Press,3,95,1,8,760,337,Strength,1,120.3333333
982,4/6/2023,2023-04-06,Push,1,Overhead Press,3,135,1,6,810,337,Strength,1,162
983,4/6/2023,2023-04-06,Push,1,Overhead Press,3,145,2,4,1160,337,Strength,1,164.3333333
984,4/7/2023,2023-04-07,Pull,2,Barbell Row,6,135,1,8,1080,338,Strength,1,171
985,4/7/2023,2023-04-07,Pull,2,Barbell Row,6,185,1,8,1480,338,Strength,1,234.3333333
986,4/7/2023,2023-04-07,Pull,2,Barbell Row,6,225,2,6,2700,338,Strength,1,270
987,4/8/2023,2023-04-08,Legs,3,Barbell Squat,7,135,1,8,1080,339,Strength,1,171
988,4/8/2023,2023-04-08,Legs,3,Barbell Squat,7,225,2,8,3600,339,Strength,1,285
989,4/8/2023,2023-04-08,Legs,3,Barbell Squat,7,315,2,6,3780,339,Strength,1,378
990,4/8/2023,2023-04-08,Legs,3,Barbell Squat,7,0,0,0,0,339,Strength,1,0
991,4/8/2023,2023-04-08,Legs,3,Barbell Squat,7,0,0,0,0,339,Strength,1,0
992,4/9/2023,2023-04-09,Rest,0,Rest,0,0,0,0,0,340,Rest,0,0
993,4/10/2023,2023-04-10,Push,1,Incline Bench Press,2,135,1,8,1080,341,Strength,1,171
994,4/10/2023,2023-04-10,Push,1,Incline Bench Press,2,185,1,7,1295,341,Strength,1,228.1666667
995,4/10/2023,2023-04-10,Push,1,Incline Bench Press,2,205,2,5,2050,341,Strength,1,239.1666667
996,4/10/2023,2023-04-10,Push,1,Overhead Press,3,95,1,8,760,341,Strength,1,120.3333333
997,4/10/2023,2023-04-10,Push,1,Overhead Press,3,135,1,6,810,341,Strength,1,162
998,4/10/2023,2023-04-10,Push,1,Overhead Press,3,145,2,4,1160,341,Strength,1,164.3333333
999,4/11/2023,2023-04-11,Pull,2,Pull Ups,5,180,3,10,5400,342,Strength,1,240
1000,4/11/2023,2023-04-11,Pull,2,Pull Ups,5,215,1,6,1290,342,Strength,1,258
1001,4/11/2023,2023-04-11,Pull,2,Pull Ups,5,225,1,4,900,342,Strength,1,255
1002,4/11/2023,2023-04-11,Pull,2,Deadlift,4,135,1,5,675,342,Strength,1,157.5
1003,4/11/2023,2023-04-11,Pull,2,Deadlift,4,225,1,5,1125,342,Strength,1,262.5
1004,4/11/2023,2023-04-11,Pull,2,Deadlift,4,315,1,5,1575,342,Strength,1,367.5
1005,4/11/2023,2023-04-11,Pull,2,Deadlift,4,405,3,5,6075,342,Strength,1,472.5
1006,4/12/2023,2023-04-12,Legs,3,Barbell Squat,7,135,1,8,1080,343,Strength,1,171
1007,4/12/2023,2023-04-12,Legs,3,Barbell Squat,7,225,2,8,3600,343,Strength,1,285
1008,4/12/2023,2023-04-12,Legs,3,Barbell Squat,7,315,1,5,1575,343,Strength,1,367.5
1009,4/12/2023,2023-04-12,Legs,3,Barbell Squat,7,365,1,4,1460,343,Strength,1,413.6666667
1010,4/12/2023,2023-04-12,Legs,3,Barbell Squat,7,405,1,2,810,343,Strength,1,432
1011,4/13/2023,2023-04-13,Push,1,Flat Bench Press,1,135,1,8,1080,344,Strength,1,171
1012,4/13/2023,2023-04-13,Push,1,Flat Bench Press,1,185,1,7,1295,344,Strength,1,228.1666667
1013,4/13/2023,2023-04-13,Push,1,Flat Bench Press,1,225,2,5,2250,344,Strength,1,262.5
1014,4/13/2023,2023-04-13,Push,1,Overhead Press,3,95,1,8,760,344,Strength,1,120.3333333
1015,4/13/2023,2023-04-13,Push,1,Overhead Press,3,135,1,5,675,344,Strength,1,157.5
1016,4/13/2023,2023-04-13,Push,1,Overhead Press,3,145,2,5,1450,344,Strength,1,169.1666667
1017,4/14/2023,2023-04-14,Pull,2,Barbell Row,6,135,1,8,1080,345,Strength,1,171
1018,4/14/2023,2023-04-14,Pull,2,Barbell Row,6,185,1,8,1480,345,Strength,1,234.3333333
1019,4/14/2023,2023-04-14,Pull,2,Barbell Row,6,225,2,6,2700,345,Strength,1,270
1020,4/15/2023,2023-04-15,Legs,3,Barbell Squat,7,135,1,8,1080,346,Strength,1,171
1021,4/15/2023,2023-04-15,Legs,3,Barbell Squat,7,225,2,8,3600,346,Strength,1,285
1022,4/15/2023,2023-04-15,Legs,3,Barbell Squat,7,315,2,7,4410,346,Strength,1,388.5
1023,4/15/2023,2023-04-15,Legs,3,Barbell Squat,7,0,0,0,0,346,Strength,1,0
1024,4/15/2023,2023-04-15,Legs,3,Barbell Squat,7,0,0,0,0,346,Strength,1,0
1025,4/16/2023,2023-04-16,Rest,0,Rest,0,0,0,0,0,347,Rest,0,0
1026,4/17/2023,2023-04-17,Push,1,Incline Bench Press,2,135,1,8,1080,348,Strength,1,171
1027,4/17/2023,2023-04-17,Push,1,Incline Bench Press,2,185,1,7,1295,348,Strength,1,228.1666667
1028,4/17/2023,2023-04-17,Push,1,Incline Bench Press,2,205,2,5,2050,348,Strength,1,239.1666667
1029,4/17/2023,2023-04-17,Push,1,Overhead Press,3,95,1,8,760,348,Strength,1,120.3333333
1030,4/17/2023,2023-04-17,Push,1,Overhead Press,3,135,1,5,675,348,Strength,1,157.5
1031,4/17/2023,2023-04-17,Push,1,Overhead Press,3,145,2,5,1450,348,Strength,1,169.1666667
1032,4/18/2023,2023-04-18,Pull,2,Pull Ups,5,180,3,10,5400,349,Strength,1,240
1033,4/18/2023,2023-04-18,Pull,2,Pull Ups,5,215,1,6,1290,349,Strength,1,258
1034,4/18/2023,2023-04-18,Pull,2,Pull Ups,5,225,1,4,900,349,Strength,1,255
1035,4/18/2023,2023-04-18,Pull,2,Deadlift,4,0,0,0,0,349,Strength,1,0
1036,4/18/2023,2023-04-18,Pull,2,Deadlift,4,0,0,0,0,349,Strength,1,0
1037,4/18/2023,2023-04-18,Pull,2,Deadlift,4,0,0,0,0,349,Strength,1,0
1038,4/19/2023,2023-04-19,Legs,3,Barbell Squat,7,135,1,8,1080,350,Strength,1,171
1039,4/19/2023,2023-04-19,Legs,3,Barbell Squat,7,225,2,8,3600,350,Strength,1,285
1040,4/19/2023,2023-04-19,Legs,3,Barbell Squat,7,315,1,5,1575,350,Strength,1,367.5
1041,4/19/2023,2023-04-19,Legs,3,Barbell Squat,7,365,1,4,1460,350,Strength,1,413.6666667
1042,4/19/2023,2023-04-19,Legs,3,Barbell Squat,7,405,1,2,810,350,Strength,1,432
1043,4/20/2023,2023-04-20,Push,1,Flat Bench Press,1,135,1,8,1080,351,Strength,1,171
1044,4/20/2023,2023-04-20,Push,1,Flat Bench Press,1,185,1,7,1295,351,Strength,1,228.1666667
1045,4/20/2023,2023-04-20,Push,1,Flat Bench Press,1,225,2,5,2250,351,Strength,1,262.5
1046,4/20/2023,2023-04-20,Push,1,Overhead Press,3,95,1,8,760,351,Strength,1,120.3333333
1047,4/20/2023,2023-04-20,Push,1,Overhead Press,3,135,1,5,675,351,Strength,1,157.5
1048,4/20/2023,2023-04-20,Push,1,Overhead Press,3,145,2,5,1450,351,Strength,1,169.1666667
1049,4/21/2023,2023-04-21,Pull,2,Barbell Row,6,135,1,8,1080,352,Strength,1,171
1050,4/21/2023,2023-04-21,Pull,2,Barbell Row,6,185,1,8,1480,352,Strength,1,234.3333333
1051,4/21/2023,2023-04-21,Pull,2,Barbell Row,6,225,2,7,3150,352,Strength,1,277.5
1052,4/22/2023,2023-04-22,Legs,3,Barbell Squat,7,135,1,8,1080,353,Strength,1,171
1053,4/22/2023,2023-04-22,Legs,3,Barbell Squat,7,225,2,8,3600,353,Strength,1,285
1054,4/22/2023,2023-04-22,Legs,3,Barbell Squat,7,315,2,7,4410,353,Strength,1,388.5
1055,4/22/2023,2023-04-22,Legs,3,Barbell Squat,7,0,0,0,0,353,Strength,1,0
1056,4/22/2023,2023-04-22,Legs,3,Barbell Squat,7,0,0,0,0,353,Strength,1,0
1057,4/23/2023,2023-04-23,Rest,0,Rest,0,0,0,0,0,354,Rest,0,0
1058,4/24/2023,2023-04-24,Push,1,Incline Bench Press,2,135,1,8,1080,355,Strength,1,171
1059,4/24/2023,2023-04-24,Push,1,Incline Bench Press,2,185,1,7,1295,355,Strength,1,228.1666667
1060,4/24/2023,2023-04-24,Push,1,Incline Bench Press,2,205,2,5,2050,355,Strength,1,239.1666667
1061,4/24/2023,2023-04-24,Push,1,Overhead Press,3,95,1,8,760,355,Strength,1,120.3333333
1062,4/24/2023,2023-04-24,Push,1,Overhead Press,3,135,1,5,675,355,Strength,1,157.5
1063,4/24/2023,2023-04-24,Push,1,Overhead Press,3,145,2,5,1450,355,Strength,1,169.1666667
1064,4/25/2023,2023-04-25,Pull,2,Pull Ups,5,180,3,10,5400,356,Strength,1,240
1065,4/25/2023,2023-04-25,Pull,2,Pull Ups,5,215,1,6,1290,356,Strength,1,258
1066,4/25/2023,2023-04-25,Pull,2,Pull Ups,5,225,1,5,1125,356,Strength,1,262.5
1067,4/25/2023,2023-04-25,Pull,2,Deadlift,4,0,0,0,0,356,Strength,1,0
1068,4/25/2023,2023-04-25,Pull,2,Deadlift,4,0,0,0,0,356,Strength,1,0
1069,4/25/2023,2023-04-25,Pull,2,Deadlift,4,0,0,0,0,356,Strength,1,0
1070,4/26/2023,2023-04-26,Legs,3,Barbell Squat,7,135,1,8,1080,357,Strength,1,171
1071,4/26/2023,2023-04-26,Legs,3,Barbell Squat,7,225,2,8,3600,357,Strength,1,285
1072,4/26/2023,2023-04-26,Legs,3,Barbell Squat,7,315,1,5,1575,357,Strength,1,367.5
1073,4/26/2023,2023-04-26,Legs,3,Barbell Squat,7,365,1,4,1460,357,Strength,1,413.6666667
1074,4/26/2023,2023-04-26,Legs,3,Barbell Squat,7,405,1,3,1215,357,Strength,1,445.5
1075,4/27/2023,2023-04-27,Push,1,Flat Bench Press,1,135,1,8,1080,358,Strength,1,171
1076,4/27/2023,2023-04-27,Push,1,Flat Bench Press,1,185,1,7,1295,358,Strength,1,228.1666667
1077,4/27/2023,2023-04-27,Push,1,Flat Bench Press,1,225,2,6,2700,358,Strength,1,270
1078,4/27/2023,2023-04-27,Push,1,Overhead Press,3,95,1,8,760,358,Strength,1,120.3333333
1079,4/27/2023,2023-04-27,Push,1,Overhead Press,3,135,1,5,675,358,Strength,1,157.5
1080,4/27/2023,2023-04-27,Push,1,Overhead Press,3,145,2,5,1450,358,Strength,1,169.1666667
1081,4/28/2023,2023-04-28,Pull,2,Barbell Row,6,135,1,8,1080,359,Strength,1,171
1082,4/28/2023,2023-04-28,Pull,2,Barbell Row,6,185,1,8,1480,359,Strength,1,234.3333333
1083,4/28/2023,2023-04-28,Pull,2,Barbell Row,6,225,2,7,3150,359,Strength,1,277.5
1084,4/29/2023,2023-04-29,Legs,3,Barbell Squat,7,135,1,8,1080,360,Strength,1,171
1085,4/29/2023,2023-04-29,Legs,3,Barbell Squat,7,225,2,8,3600,360,Strength,1,285
1086,4/29/2023,2023-04-29,Legs,3,Barbell Squat,7,315,2,7,4410,360,Strength,1,388.5
1087,4/29/2023,2023-04-29,Legs,3,Barbell Squat,7,0,0,0,0,360,Strength,1,0
1088,4/29/2023,2023-04-29,Legs,3,Barbell Squat,7,0,0,0,0,360,Strength,1,0
1089,4/30/2023,2023-04-30,Rest,0,Rest,0,0,0,0,0,361,Rest,0,0
1090,5/1/2023,2023-05-01,Push,1,Incline Bench Press,2,135,1,8,1080,362,Strength,1,171
1091,5/1/2023,2023-05-01,Push,1,Incline Bench Press,2,185,1,6,1110,362,Strength,1,222
1092,5/1/2023,2023-05-01,Push,1,Incline Bench Press,2,205,2,6,2460,362,Strength,1,246
1093,5/1/2023,2023-05-01,Push,1,Overhead Press,3,95,1,8,760,362,Strength,1,120.3333333
1094,5/1/2023,2023-05-01,Push,1,Overhead Press,3,135,1,5,675,362,Strength,1,157.5
1095,5/1/2023,2023-05-01,Push,1,Overhead Press,3,145,2,5,1450,362,Strength,1,169.1666667
1096,5/2/2023,2023-05-02,Pull,2,Pull Ups,5,180,3,10,5400,363,Strength,1,240
1097,5/2/2023,2023-05-02,Pull,2,Pull Ups,5,215,1,8,1720,363,Strength,1,272.3333333
1098,5/2/2023,2023-05-02,Pull,2,Pull Ups,5,225,1,6,1350,363,Strength,1,270
1099,5/2/2023,2023-05-02,Pull,2,Deadlift,4,0,0,0,0,363,Strength,1,0
1100,5/2/2023,2023-05-02,Pull,2,Deadlift,4,0,0,0,0,363,Strength,1,0
1101,5/2/2023,2023-05-02,Pull,2,Deadlift,4,0,0,0,0,363,Strength,1,0
1102,5/3/2023,2023-05-03,Legs,3,Barbell Squat,7,135,1,8,1080,364,Strength,1,171
1103,5/3/2023,2023-05-03,Legs,3,Barbell Squat,7,225,2,8,3600,364,Strength,1,285
1104,5/3/2023,2023-05-03,Legs,3,Barbell Squat,7,315,1,5,1575,364,Strength,1,367.5
1105,5/3/2023,2023-05-03,Legs,3,Barbell Squat,7,365,1,4,1460,364,Strength,1,413.6666667
1106,5/3/2023,2023-05-03,Legs,3,Barbell Squat,7,405,1,3,1215,364,Strength,1,445.5
1107,5/4/2023,2023-05-04,Push,1,Flat Bench Press,1,135,1,8,1080,365,Strength,1,171
1108,5/4/2023,2023-05-04,Push,1,Flat Bench Press,1,185,1,7,1295,365,Strength,1,228.1666667
1109,5/4/2023,2023-05-04,Push,1,Flat Bench Press,1,225,2,6,2700,365,Strength,1,270
1110,5/4/2023,2023-05-04,Push,1,Overhead Press,3,95,1,8,760,365,Strength,1,120.3333333
1111,5/4/2023,2023-05-04,Push,1,Overhead Press,3,135,1,5,675,365,Strength,1,157.5
1112,5/4/2023,2023-05-04,Push,1,Overhead Press,3,145,2,5,1450,365,Strength,1,169.1666667
1113,5/5/2023,2023-05-05,Pull,2,Barbell Row,6,135,1,8,1080,366,Strength,1,171
1114,5/5/2023,2023-05-05,Pull,2,Barbell Row,6,185,1,8,1480,366,Strength,1,234.3333333
1115,5/5/2023,2023-05-05,Pull,2,Barbell Row,6,245,2,6,2940,366,Strength,1,294
1116,5/6/2023,2023-05-06,Legs,3,Barbell Squat,7,135,1,8,1080,367,Strength,1,171
1117,5/6/2023,2023-05-06,Legs,3,Barbell Squat,7,225,2,8,3600,367,Strength,1,285
1118,5/6/2023,2023-05-06,Legs,3,Barbell Squat,7,315,2,7,4410,367,Strength,1,388.5
1119,5/6/2023,2023-05-06,Legs,3,Barbell Squat,7,0,0,0,0,367,Strength,1,0
1120,5/6/2023,2023-05-06,Legs,3,Barbell Squat,7,0,0,0,0,367,Strength,1,0
1121,5/7/2023,2023-05-07,Rest,0,Rest,0,0,0,0,0,368,Rest,0,0
1122,5/8/2023,2023-05-08,Push,1,Incline Bench Press,2,135,1,8,1080,369,Hypertrophy,2,171
1123,5/8/2023,2023-05-08,Push,1,Incline Bench Press,2,155,1,8,1240,369,Hypertrophy,2,196.3333333
1124,5/8/2023,2023-05-08,Push,1,Incline Bench Press,2,185,3,8,4440,369,Hypertrophy,2,234.3333333
1125,5/8/2023,2023-05-08,Push,1,Overhead Press,3,45,1,8,360,369,Hypertrophy,2,57
1126,5/8/2023,2023-05-08,Push,1,Overhead Press,3,95,1,8,760,369,Hypertrophy,2,120.3333333
1127,5/8/2023,2023-05-08,Push,1,Overhead Press,3,135,3,8,3240,369,Hypertrophy,2,171
1128,5/9/2023,2023-05-09,Pull,2,Pull Ups,5,180,5,12,10800,370,Hypertrophy,2,252
1129,5/9/2023,2023-05-09,Pull,2,Pull Ups,5,0,0,0,0,370,Hypertrophy,2,0
1130,5/9/2023,2023-05-09,Pull,2,Pull Ups,5,0,0,0,0,370,Hypertrophy,2,0
1131,5/9/2023,2023-05-09,Pull,2,Deadlift,4,0,0,0,0,370,Hypertrophy,2,0
1132,5/9/2023,2023-05-09,Pull,2,Deadlift,4,0,0,0,0,370,Hypertrophy,2,0
1133,5/9/2023,2023-05-09,Pull,2,Deadlift,4,0,0,0,0,370,Hypertrophy,2,0
1134,5/10/2023,2023-05-10,Legs,3,Barbell Squat,7,135,1,8,1080,371,Strength,1,171
1135,5/10/2023,2023-05-10,Legs,3,Barbell Squat,7,225,2,8,3600,371,Strength,1,285
1136,5/10/2023,2023-05-10,Legs,3,Barbell Squat,7,315,2,5,3150,371,Strength,1,367.5
1137,5/10/2023,2023-05-10,Legs,3,Barbell Squat,7,365,2,4,2920,371,Strength,1,413.6666667
592,5/10/2023,2023-05-10,Legs,3,Barbell Squat,7,0,0,0,0,,,#N/A,0
1138,5/11/2023,2023-05-11,Push,1,Flat Bench Press,1,135,1,8,1080,372,Hypertrophy,2,171
1139,5/11/2023,2023-05-11,Push,1,Flat Bench Press,1,185,1,7,1295,372,Hypertrophy,2,228.1666667
1140,5/11/2023,2023-05-11,Push,1,Flat Bench Press,1,225,2,7,3150,372,Hypertrophy,2,277.5
1141,5/11/2023,2023-05-11,Push,1,Overhead Press,3,45,1,8,360,372,Hypertrophy,2,57
1142,5/11/2023,2023-05-11,Push,1,Overhead Press,3,95,1,8,760,372,Hypertrophy,2,120.3333333
1143,5/11/2023,2023-05-11,Push,1,Overhead Press,3,135,3,8,3240,372,Hypertrophy,2,171
1144,5/12/2023,2023-05-12,Pull,2,Barbell Row,6,135,1,8,1080,373,Hypertrophy,2,171
1145,5/12/2023,2023-05-12,Pull,2,Barbell Row,6,225,3,8,5400,373,Hypertrophy,2,285
1146,5/12/2023,2023-05-12,Pull,2,Barbell Row,6,0,0,0,0,373,Hypertrophy,2,0
1147,5/13/2023,2023-05-13,Rest,0,Rest,0,0,0,0,0,374,Rest,0,0
1148,5/14/2023,2023-05-14,Rest,0,Rest,0,0,0,0,0,375,Rest,0,0
1149,5/15/2023,2023-05-15,Push,1,Incline Bench Press,2,135,1,8,1080,376,Hypertrophy,2,171
1150,5/15/2023,2023-05-15,Push,1,Incline Bench Press,2,155,1,8,1240,376,Hypertrophy,2,196.3333333
1151,5/15/2023,2023-05-15,Push,1,Incline Bench Press,2,185,3,8,4440,376,Hypertrophy,2,234.3333333
1152,5/15/2023,2023-05-15,Push,1,Overhead Press,3,45,1,8,360,376,Hypertrophy,2,57
1153,5/15/2023,2023-05-15,Push,1,Overhead Press,3,95,1,8,760,376,Hypertrophy,2,120.3333333
1154,5/15/2023,2023-05-15,Push,1,Overhead Press,3,135,3,8,3240,376,Hypertrophy,2,171
1155,5/16/2023,2023-05-16,Pull,2,Pull Ups,5,180,5,12,10800,377,Hypertrophy,2,252
1156,5/16/2023,2023-05-16,Pull,2,Pull Ups,5,0,0,0,0,377,Hypertrophy,2,0
1157,5/16/2023,2023-05-16,Pull,2,Pull Ups,5,0,0,0,0,377,Hypertrophy,2,0
1158,5/16/2023,2023-05-16,Pull,2,Deadlift,4,0,0,0,0,377,Hypertrophy,2,0
1159,5/16/2023,2023-05-16,Pull,2,Deadlift,4,0,0,0,0,377,Hypertrophy,2,0
1160,5/16/2023,2023-05-16,Pull,2,Deadlift,4,0,0,0,0,377,Hypertrophy,2,0
1161,5/17/2023,2023-05-17,Legs,3,Barbell Squat,7,135,1,8,1080,378,Strength,1,171
1162,5/17/2023,2023-05-17,Legs,3,Barbell Squat,7,225,2,8,3600,378,Strength,1,285
1163,5/17/2023,2023-05-17,Legs,3,Barbell Squat,7,315,2,5,3150,378,Strength,1,367.5
1164,5/17/2023,2023-05-17,Legs,3,Barbell Squat,7,365,2,4,2920,378,Strength,1,413.6666667
620,5/17/2023,2023-05-17,Legs,3,Barbell Squat,7,0,0,0,0,,,#N/A,0
1165,5/18/2023,2023-05-18,Push,1,Flat Bench Press,1,135,1,8,1080,379,Hypertrophy,2,171
1166,5/18/2023,2023-05-18,Push,1,Flat Bench Press,1,185,1,7,1295,379,Hypertrophy,2,228.1666667
1167,5/18/2023,2023-05-18,Push,1,Flat Bench Press,1,225,2,7,3150,379,Hypertrophy,2,277.5
1168,5/18/2023,2023-05-18,Push,1,Overhead Press,3,45,1,8,360,379,Hypertrophy,2,57
1169,5/18/2023,2023-05-18,Push,1,Overhead Press,3,95,1,8,760,379,Hypertrophy,2,120.3333333
1170,5/18/2023,2023-05-18,Push,1,Overhead Press,3,135,3,8,3240,379,Hypertrophy,2,171
1171,5/19/2023,2023-05-19,Pull,2,Barbell Row,6,135,1,8,1080,380,Hypertrophy,2,171
1172,5/19/2023,2023-05-19,Pull,2,Barbell Row,6,225,3,8,5400,380,Hypertrophy,2,285
1173,5/19/2023,2023-05-19,Pull,2,Barbell Row,6,0,0,0,0,380,Hypertrophy,2,0
1174,5/20/2023,2023-05-20,Rest,0,Rest,0,0,0,0,0,381,Rest,0,0
1175,5/21/2023,2023-05-21,Rest,0,Rest,0,0,0,0,0,382,Rest,0,0
1176,5/22/2023,2023-05-22,Push,1,Incline Bench Press,2,135,1,8,1080,383,Hypertrophy,2,171
1177,5/22/2023,2023-05-22,Push,1,Incline Bench Press,2,155,1,8,1240,383,Hypertrophy,2,196.3333333
1178,5/22/2023,2023-05-22,Push,1,Incline Bench Press,2,185,3,8,4440,383,Hypertrophy,2,234.3333333
1179,5/22/2023,2023-05-22,Push,1,Overhead Press,3,45,1,8,360,383,Hypertrophy,2,57
1180,5/22/2023,2023-05-22,Push,1,Overhead Press,3,95,1,8,760,383,Hypertrophy,2,120.3333333
1181,5/22/2023,2023-05-22,Push,1,Overhead Press,3,135,3,8,3240,383,Hypertrophy,2,171
1182,5/23/2023,2023-05-23,Pull,2,Pull Ups,5,180,5,12,10800,384,Hypertrophy,2,252
1183,5/23/2023,2023-05-23,Pull,2,Pull Ups,5,0,0,0,0,384,Hypertrophy,2,0
1184,5/23/2023,2023-05-23,Pull,2,Pull Ups,5,0,0,0,0,384,Hypertrophy,2,0
1185,5/23/2023,2023-05-23,Pull,2,Deadlift,4,0,0,0,0,384,Hypertrophy,2,0
1186,5/23/2023,2023-05-23,Pull,2,Deadlift,4,0,0,0,0,384,Hypertrophy,2,0
1187,5/23/2023,2023-05-23,Pull,2,Deadlift,4,0,0,0,0,384,Hypertrophy,2,0
1188,5/24/2023,2023-05-24,Legs,3,Barbell Squat,7,135,1,8,1080,385,Strength,1,171
1189,5/24/2023,2023-05-24,Legs,3,Barbell Squat,7,225,2,8,3600,385,Strength,1,285
1190,5/24/2023,2023-05-24,Legs,3,Barbell Squat,7,315,2,5,3150,385,Strength,1,367.5
1191,5/24/2023,2023-05-24,Legs,3,Barbell Squat,7,365,2,4,2920,385,Strength,1,413.6666667
648,5/24/2023,2023-05-24,Legs,3,Barbell Squat,7,0,0,0,0,,,#N/A,0
1192,5/25/2023,2023-05-25,Push,1,Flat Bench Press,1,135,1,8,1080,386,Hypertrophy,2,171
1193,5/25/2023,2023-05-25,Push,1,Flat Bench Press,1,185,1,7,1295,386,Hypertrophy,2,228.1666667
1194,5/25/2023,2023-05-25,Push,1,Flat Bench Press,1,225,2,7,3150,386,Hypertrophy,2,277.5
1195,5/25/2023,2023-05-25,Push,1,Overhead Press,3,45,1,8,360,386,Hypertrophy,2,57
1196,5/25/2023,2023-05-25,Push,1,Overhead Press,3,95,1,8,760,386,Hypertrophy,2,120.3333333
1197,5/25/2023,2023-05-25,Push,1,Overhead Press,3,135,3,8,3240,386,Hypertrophy,2,171
1198,5/26/2023,2023-05-26,Pull,2,Barbell Row,6,135,1,8,1080,387,Hypertrophy,2,171
1199,5/26/2023,2023-05-26,Pull,2,Barbell Row,6,225,3,8,5400,387,Hypertrophy,2,285
1200,5/26/2023,2023-05-26,Pull,2,Barbell Row,6,0,0,0,0,387,Hypertrophy,2,0
1201,5/27/2023,2023-05-27,Rest,0,Rest,0,0,0,0,0,388,Rest,0,0
1202,5/28/2023,2023-05-28,Rest,0,Rest,0,0,0,0,0,389,Rest,0,0
1203,5/29/2023,2023-05-29,Push,1,Incline Bench Press,2,135,1,8,1080,390,Hypertrophy,2,171
1204,5/29/2023,2023-05-29,Push,1,Incline Bench Press,2,155,1,8,1240,390,Hypertrophy,2,196.3333333
1205,5/29/2023,2023-05-29,Push,1,Incline Bench Press,2,185,3,8,4440,390,Hypertrophy,2,234.3333333
1206,5/29/2023,2023-05-29,Push,1,Overhead Press,3,45,1,8,360,390,Hypertrophy,2,57
1207,5/29/2023,2023-05-29,Push,1,Overhead Press,3,95,1,8,760,390,Hypertrophy,2,120.3333333
1208,5/29/2023,2023-05-29,Push,1,Overhead Press,3,135,3,8,3240,390,Hypertrophy,2,171
1209,5/30/2023,2023-05-30,Pull,2,Pull Ups,5,180,5,12,10800,391,Hypertrophy,2,252
1210,5/30/2023,2023-05-30,Pull,2,Pull Ups,5,0,0,0,0,391,Hypertrophy,2,0
1211,5/30/2023,2023-05-30,Pull,2,Pull Ups,5,0,0,0,0,391,Hypertrophy,2,0
1212,5/30/2023,2023-05-30,Pull,2,Deadlift,4,0,0,0,0,391,Hypertrophy,2,0
1213,5/30/2023,2023-05-30,Pull,2,Deadlift,4,0,0,0,0,391,Hypertrophy,2,0
1214,5/30/2023,2023-05-30,Pull,2,Deadlift,4,0,0,0,0,391,Hypertrophy,2,0
1215,5/31/2023,2023-05-31,Legs,3,Barbell Squat,7,135,1,8,1080,392,Strength,1,171
1216,5/31/2023,2023-05-31,Legs,3,Barbell Squat,7,225,2,8,3600,392,Strength,1,285
1217,5/31/2023,2023-05-31,Legs,3,Barbell Squat,7,315,1,5,1575,392,Strength,1,367.5
1218,5/31/2023,2023-05-31,Legs,3,Barbell Squat,7,365,1,4,1460,392,Strength,1,413.6666667
676,5/31/2023,2023-05-31,Legs,3,Barbell Squat,7,0,0,0,0,,,#N/A,0
1219,6/1/2023,2023-06-01,Push,1,Flat Bench Press,1,135,1,8,1080,393,Hypertrophy,2,171
1220,6/1/2023,2023-06-01,Push,1,Flat Bench Press,1,185,1,8,1480,393,Hypertrophy,2,234.3333333
1221,6/1/2023,2023-06-01,Push,1,Flat Bench Press,1,225,2,8,3600,393,Hypertrophy,2,285
1222,6/1/2023,2023-06-01,Push,1,Overhead Press,3,45,1,8,360,393,Hypertrophy,2,57
1223,6/1/2023,2023-06-01,Push,1,Overhead Press,3,95,1,8,760,393,Hypertrophy,2,120.3333333
1224,6/1/2023,2023-06-01,Push,1,Overhead Press,3,135,3,8,3240,393,Hypertrophy,2,171
1225,6/2/2023,2023-06-02,Pull,2,Barbell Row,6,135,1,8,1080,394,Hypertrophy,2,171
1226,6/2/2023,2023-06-02,Pull,2,Barbell Row,6,225,3,8,5400,394,Hypertrophy,2,285
1227,6/2/2023,2023-06-02,Pull,2,Barbell Row,6,0,0,0,0,394,Hypertrophy,2,0
1228,6/3/2023,2023-06-03,Rest,0,Rest,0,0,0,0,0,395,Rest,0,0
1229,6/4/2023,2023-06-04,Rest,0,Rest,0,0,0,0,0,396,Rest,0,0
1230,6/5/2023,2023-06-05,Push,1,Incline Bench Press,2,135,1,8,1080,397,Hypertrophy,2,171
1231,6/5/2023,2023-06-05,Push,1,Incline Bench Press,2,155,1,8,1240,397,Hypertrophy,2,196.3333333
1232,6/5/2023,2023-06-05,Push,1,Incline Bench Press,2,185,3,8,4440,397,Hypertrophy,2,234.3333333
1233,6/5/2023,2023-06-05,Push,1,Overhead Press,3,45,1,8,360,397,Hypertrophy,2,57
1234,6/5/2023,2023-06-05,Push,1,Overhead Press,3,95,1,8,760,397,Hypertrophy,2,120.3333333
1235,6/5/2023,2023-06-05,Push,1,Overhead Press,3,135,3,8,3240,397,Hypertrophy,2,171
1236,6/6/2023,2023-06-06,Pull,2,Pull Ups,5,180,5,12,10800,398,Hypertrophy,2,252
1237,6/6/2023,2023-06-06,Pull,2,Pull Ups,5,0,0,0,0,398,Hypertrophy,2,0
1238,6/6/2023,2023-06-06,Pull,2,Pull Ups,5,0,0,0,0,398,Hypertrophy,2,0
1239,6/6/2023,2023-06-06,Pull,2,Deadlift,4,0,0,0,0,398,Hypertrophy,2,0
1240,6/6/2023,2023-06-06,Pull,2,Deadlift,4,0,0,0,0,398,Hypertrophy,2,0
1241,6/6/2023,2023-06-06,Pull,2,Deadlift,4,0,0,0,0,398,Hypertrophy,2,0
1242,6/7/2023,2023-06-07,Legs,3,Barbell Squat,7,135,1,8,1080,399,Strength,1,171
1243,6/7/2023,2023-06-07,Legs,3,Barbell Squat,7,225,2,8,3600,399,Strength,1,285
1244,6/7/2023,2023-06-07,Legs,3,Barbell Squat,7,315,2,5,3150,399,Strength,1,367.5
1245,6/7/2023,2023-06-07,Legs,3,Barbell Squat,7,365,2,5,3650,399,Strength,1,425.8333333
704,6/7/2023,2023-06-07,Legs,3,Barbell Squat,7,0,0,0,0,,,#N/A,0
1246,6/8/2023,2023-06-08,Push,1,Flat Bench Press,1,135,1,8,1080,400,Hypertrophy,2,171
1247,6/8/2023,2023-06-08,Push,1,Flat Bench Press,1,185,1,8,1480,400,Hypertrophy,2,234.3333333
1248,6/8/2023,2023-06-08,Push,1,Flat Bench Press,1,225,2,8,3600,400,Hypertrophy,2,285
1249,6/8/2023,2023-06-08,Push,1,Overhead Press,3,45,1,8,360,400,Hypertrophy,2,57
1250,6/8/2023,2023-06-08,Push,1,Overhead Press,3,95,1,8,760,400,Hypertrophy,2,120.3333333
1251,6/8/2023,2023-06-08,Push,1,Overhead Press,3,135,3,8,3240,400,Hypertrophy,2,171
1252,6/9/2023,2023-06-09,Pull,2,Barbell Row,6,135,1,8,1080,401,Hypertrophy,2,171
1253,6/9/2023,2023-06-09,Pull,2,Barbell Row,6,225,3,8,5400,401,Hypertrophy,2,285
1254,6/9/2023,2023-06-09,Pull,2,Barbell Row,6,0,0,0,0,401,Hypertrophy,2,0
1255,6/10/2023,2023-06-10,Rest,0,Rest,0,0,0,0,0,402,Rest,0,0
1256,6/11/2023,2023-06-11,Rest,0,Rest,0,0,0,0,0,403,Rest,0,0
1257,6/12/2023,2023-06-12,Push,1,Incline Bench Press,2,135,1,8,1080,404,Hypertrophy,2,171
1258,6/12/2023,2023-06-12,Push,1,Incline Bench Press,2,155,1,8,1240,404,Hypertrophy,2,196.3333333
1259,6/12/2023,2023-06-12,Push,1,Incline Bench Press,2,185,3,8,4440,404,Hypertrophy,2,234.3333333
1260,6/12/2023,2023-06-12,Push,1,Overhead Press,3,45,1,8,360,404,Hypertrophy,2,57
1261,6/12/2023,2023-06-12,Push,1,Overhead Press,3,95,1,8,760,404,Hypertrophy,2,120.3333333
1262,6/12/2023,2023-06-12,Push,1,Overhead Press,3,135,3,8,3240,404,Hypertrophy,2,171
1263,6/13/2023,2023-06-13,Pull,2,Pull Ups,5,180,5,12,10800,405,Hypertrophy,2,252
1264,6/13/2023,2023-06-13,Pull,2,Pull Ups,5,0,0,0,0,405,Hypertrophy,2,0
1265,6/13/2023,2023-06-13,Pull,2,Pull Ups,5,0,0,0,0,405,Hypertrophy,2,0
1266,6/13/2023,2023-06-13,Pull,2,Deadlift,4,0,0,0,0,405,Hypertrophy,2,0
1267,6/13/2023,2023-06-13,Pull,2,Deadlift,4,0,0,0,0,405,Hypertrophy,2,0
1268,6/13/2023,2023-06-13,Pull,2,Deadlift,4,0,0,0,0,405,Hypertrophy,2,0
1269,6/14/2023,2023-06-14,Legs,3,Barbell Squat,7,135,1,8,1080,406,Strength,1,171
1270,6/14/2023,2023-06-14,Legs,3,Barbell Squat,7,225,2,8,3600,406,Strength,1,285
1271,6/14/2023,2023-06-14,Legs,3,Barbell Squat,7,315,2,5,3150,406,Strength,1,367.5
1272,6/14/2023,2023-06-14,Legs,3,Barbell Squat,7,365,2,5,3650,406,Strength,1,425.8333333
732,6/14/2023,2023-06-14,Legs,3,Barbell Squat,7,0,0,0,0,,,#N/A,0
1273,6/15/2023,2023-06-15,Push,1,Flat Bench Press,1,135,1,8,1080,407,Hypertrophy,2,171
1274,6/15/2023,2023-06-15,Push,1,Flat Bench Press,1,185,1,8,1480,407,Hypertrophy,2,234.3333333
1275,6/15/2023,2023-06-15,Push,1,Flat Bench Press,1,225,2,8,3600,407,Hypertrophy,2,285
1276,6/15/2023,2023-06-15,Push,1,Overhead Press,3,45,1,8,360,407,Hypertrophy,2,57
1277,6/15/2023,2023-06-15,Push,1,Overhead Press,3,95,1,8,760,407,Hypertrophy,2,120.3333333
1278,6/15/2023,2023-06-15,Push,1,Overhead Press,3,135,3,8,3240,407,Hypertrophy,2,171
1279,6/16/2023,2023-06-16,Pull,2,Barbell Row,6,135,1,8,1080,408,Hypertrophy,2,171
1280,6/16/2023,2023-06-16,Pull,2,Barbell Row,6,225,3,8,5400,408,Hypertrophy,2,285
1281,6/16/2023,2023-06-16,Pull,2,Barbell Row,6,0,0,0,0,408,Hypertrophy,2,0
1282,6/17/2023,2023-06-17,Rest,0,Rest,0,0,0,0,0,409,Rest,0,0
1283,6/18/2023,2023-06-18,Rest,0,Rest,0,0,0,0,0,410,Rest,0,0
1284,6/19/2023,2023-06-19,Push,1,Incline Bench Press,2,135,1,8,1080,411,Hypertrophy,2,171
1285,6/19/2023,2023-06-19,Push,1,Incline Bench Press,2,155,1,8,1240,411,Hypertrophy,2,196.3333333
1286,6/19/2023,2023-06-19,Push,1,Incline Bench Press,2,185,3,8,4440,411,Hypertrophy,2,234.3333333
1287,6/19/2023,2023-06-19,Push,1,Overhead Press,3,45,1,8,360,411,Hypertrophy,2,57
1288,6/19/2023,2023-06-19,Push,1,Overhead Press,3,95,1,8,760,411,Hypertrophy,2,120.3333333
1289,6/19/2023,2023-06-19,Push,1,Overhead Press,3,135,3,8,3240,411,Hypertrophy,2,171
1290,6/20/2023,2023-06-20,Pull,2,Pull Ups,5,180,5,12,10800,412,Hypertrophy,2,252
1291,6/20/2023,2023-06-20,Pull,2,Pull Ups,5,0,0,0,0,412,Hypertrophy,2,0
1292,6/20/2023,2023-06-20,Pull,2,Pull Ups,5,0,0,0,0,412,Hypertrophy,2,0
1293,6/20/2023,2023-06-20,Pull,2,Deadlift,4,0,0,0,0,412,Hypertrophy,2,0
1294,6/20/2023,2023-06-20,Pull,2,Deadlift,4,0,0,0,0,412,Hypertrophy,2,0
1295,6/20/2023,2023-06-20,Pull,2,Deadlift,4,0,0,0,0,412,Hypertrophy,2,0
1296,6/21/2023,2023-06-21,Legs,3,Barbell Squat,7,135,1,8,1080,413,Strength,1,171
1297,6/21/2023,2023-06-21,Legs,3,Barbell Squat,7,225,2,8,3600,413,Strength,1,285
1298,6/21/2023,2023-06-21,Legs,3,Barbell Squat,7,315,2,5,3150,413,Strength,1,367.5
1299,6/21/2023,2023-06-21,Legs,3,Barbell Squat,7,365,2,5,3650,413,Strength,1,425.8333333
760,6/21/2023,2023-06-21,Legs,3,Barbell Squat,7,0,0,0,0,,,#N/A,0
1300,6/22/2023,2023-06-22,Push,1,Flat Bench Press,1,135,1,8,1080,414,Hypertrophy,2,171
1301,6/22/2023,2023-06-22,Push,1,Flat Bench Press,1,185,1,8,1480,414,Hypertrophy,2,234.3333333
1302,6/22/2023,2023-06-22,Push,1,Flat Bench Press,1,225,2,8,3600,414,Hypertrophy,2,285
1303,6/22/2023,2023-06-22,Push,1,Overhead Press,3,45,1,8,360,414,Hypertrophy,2,57
1304,6/22/2023,2023-06-22,Push,1,Overhead Press,3,95,1,8,760,414,Hypertrophy,2,120.3333333
1305,6/22/2023,2023-06-22,Push,1,Overhead Press,3,135,3,8,3240,414,Hypertrophy,2,171
1306,6/23/2023,2023-06-23,Pull,2,Barbell Row,6,135,1,8,1080,415,Hypertrophy,2,171
1307,6/23/2023,2023-06-23,Pull,2,Barbell Row,6,225,3,8,5400,415,Hypertrophy,2,285
1308,6/23/2023,2023-06-23,Pull,2,Barbell Row,6,0,0,0,0,415,Hypertrophy,2,0
1309,6/24/2023,2023-06-24,Rest,0,Rest,0,0,0,0,0,416,Rest,0,0
1310,6/25/2023,2023-06-25,Rest,0,Rest,0,0,0,0,0,417,Rest,0,0
1311,6/26/2023,2023-06-26,Push,1,Incline Bench Press,2,135,1,8,1080,418,Hypertrophy,2,171
1312,6/26/2023,2023-06-26,Push,1,Incline Bench Press,2,155,1,8,1240,418,Hypertrophy,2,196.3333333
1313,6/26/2023,2023-06-26,Push,1,Incline Bench Press,2,185,3,8,4440,418,Hypertrophy,2,234.3333333
1314,6/26/2023,2023-06-26,Push,1,Overhead Press,3,45,1,8,360,418,Hypertrophy,2,57
1315,6/26/2023,2023-06-26,Push,1,Overhead Press,3,95,1,8,760,418,Hypertrophy,2,120.3333333
1316,6/26/2023,2023-06-26,Push,1,Overhead Press,3,135,3,8,3240,418,Hypertrophy,2,171
1317,6/27/2023,2023-06-27,Pull,2,Pull Ups,5,180,5,12,10800,419,Hypertrophy,2,252
1318,6/27/2023,2023-06-27,Pull,2,Pull Ups,5,0,0,0,0,419,Hypertrophy,2,0
1319,6/27/2023,2023-06-27,Pull,2,Pull Ups,5,0,0,0,0,419,Hypertrophy,2,0
1320,6/27/2023,2023-06-27,Pull,2,Deadlift,4,0,0,0,0,419,Hypertrophy,2,0
1321,6/27/2023,2023-06-27,Pull,2,Deadlift,4,0,0,0,0,419,Hypertrophy,2,0
1322,6/27/2023,2023-06-27,Pull,2,Deadlift,4,0,0,0,0,419,Hypertrophy,2,0
1323,6/28/2023,2023-06-28,Legs,3,Barbell Squat,7,135,1,8,1080,420,Strength,1,171
1324,6/28/2023,2023-06-28,Legs,3,Barbell Squat,7,225,2,8,3600,420,Strength,1,285
1325,6/28/2023,2023-06-28,Legs,3,Barbell Squat,7,315,2,5,3150,420,Strength,1,367.5
1326,6/28/2023,2023-06-28,Legs,3,Barbell Squat,7,365,2,5,3650,420,Strength,1,425.8333333
788,6/28/2023,2023-06-28,Legs,3,Barbell Squat,7,0,0,0,0,,,#N/A,0
1327,6/29/2023,2023-06-29,Push,1,Flat Bench Press,1,135,1,8,1080,421,Hypertrophy,2,171
1328,6/29/2023,2023-06-29,Push,1,Flat Bench Press,1,185,1,8,1480,421,Hypertrophy,2,234.3333333
1329,6/29/2023,2023-06-29,Push,1,Flat Bench Press,1,225,2,8,3600,421,Hypertrophy,2,285
1330,6/29/2023,2023-06-29,Push,1,Overhead Press,3,45,1,8,360,421,Hypertrophy,2,57
1331,6/29/2023,2023-06-29,Push,1,Overhead Press,3,95,1,8,760,421,Hypertrophy,2,120.3333333
1332,6/29/2023,2023-06-29,Push,1,Overhead Press,3,135,3,8,3240,421,Hypertrophy,2,171
1333,6/30/2023,2023-06-30,Pull,2,Barbell Row,6,135,1,8,1080,422,Hypertrophy,2,171
1334,6/30/2023,2023-06-30,Pull,2,Barbell Row,6,225,3,8,5400,422,Hypertrophy,2,285
1335,6/30/2023,2023-06-30,Pull,2,Barbell Row,6,0,0,0,0,422,Hypertrophy,2,0
1336,7/1/2023,2023-07-01,Rest,0,Rest,0,0,0,0,0,423,Rest,0,0
1337,7/2/2023,2023-07-02,Rest,0,Rest,0,0,0,0,0,424,Rest,0,0
1338,7/3/2023,2023-07-03,Push,1,Incline Bench Press,2,135,1,8,1080,425,Hypertrophy,2,171
1339,7/3/2023,2023-07-03,Push,1,Incline Bench Press,2,155,1,8,1240,425,Hypertrophy,2,196.3333333
1340,7/3/2023,2023-07-03,Push,1,Incline Bench Press,2,185,3,8,4440,425,Hypertrophy,2,234.3333333
1341,7/3/2023,2023-07-03,Push,1,Overhead Press,3,45,1,8,360,425,Hypertrophy,2,57
1342,7/3/2023,2023-07-03,Push,1,Overhead Press,3,95,1,8,760,425,Hypertrophy,2,120.3333333
1343,7/3/2023,2023-07-03,Push,1,Overhead Press,3,135,3,8,3240,425,Hypertrophy,2,171
1344,7/4/2023,2023-07-04,Pull,2,Pull Ups,5,180,5,12,10800,426,Hypertrophy,2,252
1345,7/4/2023,2023-07-04,Pull,2,Pull Ups,5,0,0,0,0,426,Hypertrophy,2,0
1346,7/4/2023,2023-07-04,Pull,2,Pull Ups,5,0,0,0,0,426,Hypertrophy,2,0
1347,7/4/2023,2023-07-04,Pull,2,Deadlift,4,0,0,0,0,426,Hypertrophy,2,0
1348,7/4/2023,2023-07-04,Pull,2,Deadlift,4,0,0,0,0,426,Hypertrophy,2,0
1349,7/4/2023,2023-07-04,Pull,2,Deadlift,4,0,0,0,0,426,Hypertrophy,2,0
1350,7/5/2023,2023-07-05,Legs,3,Barbell Squat,7,135,1,8,1080,427,Strength,1,171
1351,7/5/2023,2023-07-05,Legs,3,Barbell Squat,7,225,2,8,3600,427,Strength,1,285
1352,7/5/2023,2023-07-05,Legs,3,Barbell Squat,7,315,2,5,3150,427,Strength,1,367.5
1353,7/5/2023,2023-07-05,Legs,3,Barbell Squat,7,365,2,5,3650,427,Strength,1,425.8333333
816,7/5/2023,2023-07-05,Legs,3,Barbell Squat,7,0,0,0,0,,,#N/A,0
1354,7/6/2023,2023-07-06,Push,1,Flat Bench Press,1,135,1,8,1080,428,Hypertrophy,2,171
1355,7/6/2023,2023-07-06,Push,1,Flat Bench Press,1,185,1,8,1480,428,Hypertrophy,2,234.3333333
1356,7/6/2023,2023-07-06,Push,1,Flat Bench Press,1,225,2,8,3600,428,Hypertrophy,2,285
1357,7/6/2023,2023-07-06,Push,1,Overhead Press,3,45,1,8,360,428,Hypertrophy,2,57
1358,7/6/2023,2023-07-06,Push,1,Overhead Press,3,95,1,8,760,428,Hypertrophy,2,120.3333333
1359,7/6/2023,2023-07-06,Push,1,Overhead Press,3,135,3,8,3240,428,Hypertrophy,2,171
1360,7/7/2023,2023-07-07,Pull,2,Barbell Row,6,135,1,8,1080,429,Hypertrophy,2,171
1361,7/7/2023,2023-07-07,Pull,2,Barbell Row,6,225,3,8,5400,429,Hypertrophy,2,285
1362,7/7/2023,2023-07-07,Pull,2,Barbell Row,6,0,0,0,0,429,Hypertrophy,2,0
1363,7/8/2023,2023-07-08,Rest,0,Rest,0,0,0,0,0,430,Rest,0,0
1364,7/9/2023,2023-07-09,Rest,0,Rest,0,0,0,0,0,431,Rest,0,0
1365,7/10/2023,2023-07-10,Push,1,Incline Bench Press,2,135,1,8,1080,432,Hypertrophy,2,171
1366,7/10/2023,2023-07-10,Push,1,Incline Bench Press,2,155,1,8,1240,432,Hypertrophy,2,196.3333333
1367,7/10/2023,2023-07-10,Push,1,Incline Bench Press,2,185,3,8,4440,432,Hypertrophy,2,234.3333333
1368,7/10/2023,2023-07-10,Push,1,Overhead Press,3,45,1,8,360,432,Hypertrophy,2,57
1369,7/10/2023,2023-07-10,Push,1,Overhead Press,3,95,1,8,760,432,Hypertrophy,2,120.3333333
1370,7/10/2023,2023-07-10,Push,1,Overhead Press,3,135,3,8,3240,432,Hypertrophy,2,171
1371,7/11/2023,2023-07-11,Pull,2,Pull Ups,5,180,5,12,10800,433,Hypertrophy,2,252
1372,7/11/2023,2023-07-11,Pull,2,Pull Ups,5,0,0,0,0,433,Hypertrophy,2,0
1373,7/11/2023,2023-07-11,Pull,2,Pull Ups,5,0,0,0,0,433,Hypertrophy,2,0
1374,7/11/2023,2023-07-11,Pull,2,Deadlift,4,0,0,0,0,433,Hypertrophy,2,0
1375,7/11/2023,2023-07-11,Pull,2,Deadlift,4,0,0,0,0,433,Hypertrophy,2,0
1376,7/11/2023,2023-07-11,Pull,2,Deadlift,4,0,0,0,0,433,Hypertrophy,2,0
1377,7/12/2023,2023-07-12,Legs,3,Barbell Squat,7,135,1,8,1080,434,Strength,1,171
1378,7/12/2023,2023-07-12,Legs,3,Barbell Squat,7,225,2,8,3600,434,Strength,1,285
1379,7/12/2023,2023-07-12,Legs,3,Barbell Squat,7,315,2,5,3150,434,Strength,1,367.5
1380,7/12/2023,2023-07-12,Legs,3,Barbell Squat,7,365,2,5,3650,434,Strength,1,425.8333333
844,7/12/2023,2023-07-12,Legs,3,Barbell Squat,7,0,0,0,0,,,#N/A,0
1381,7/13/2023,2023-07-13,Push,1,Flat Bench Press,1,135,1,8,1080,435,Hypertrophy,2,171
1382,7/13/2023,2023-07-13,Push,1,Flat Bench Press,1,185,1,7,1295,435,Hypertrophy,2,228.1666667
1383,7/13/2023,2023-07-13,Push,1,Flat Bench Press,1,225,2,8,3600,435,Hypertrophy,2,285
1384,7/13/2023,2023-07-13,Push,1,Overhead Press,3,45,1,8,360,435,Hypertrophy,2,57
1385,7/13/2023,2023-07-13,Push,1,Overhead Press,3,95,1,8,760,435,Hypertrophy,2,120.3333333
1386,7/13/2023,2023-07-13,Push,1,Overhead Press,3,135,3,8,3240,435,Hypertrophy,2,171
1387,7/14/2023,2023-07-14,Pull,2,Barbell Row,6,135,1,8,1080,436,Hypertrophy,2,171
1388,7/14/2023,2023-07-14,Pull,2,Barbell Row,6,225,3,8,5400,436,Hypertrophy,2,285
1389,7/14/2023,2023-07-14,Pull,2,Barbell Row,6,0,0,0,0,436,Hypertrophy,2,0
1390,7/15/2023,2023-07-15,Rest,0,Rest,0,0,0,0,0,437,Rest,0,0
1391,7/16/2023,2023-07-16,Rest,0,Rest,0,0,0,0,0,438,Rest,0,0
1392,7/17/2023,2023-07-17,Push,1,Incline Bench Press,2,135,1,8,1080,439,Hypertrophy,2,171
1393,7/17/2023,2023-07-17,Push,1,Incline Bench Press,2,155,1,8,1240,439,Hypertrophy,2,196.3333333
1394,7/17/2023,2023-07-17,Push,1,Incline Bench Press,2,185,3,8,4440,439,Hypertrophy,2,234.3333333
1395,7/17/2023,2023-07-17,Push,1,Overhead Press,3,45,1,10,450,439,Hypertrophy,2,60
1396,7/17/2023,2023-07-17,Push,1,Overhead Press,3,95,1,10,950,439,Hypertrophy,2,126.6666667
1397,7/17/2023,2023-07-17,Push,1,Overhead Press,3,135,3,9,3645,439,Hypertrophy,2,175.5
1398,7/18/2023,2023-07-18,Pull,2,Pull Ups,5,180,5,12,10800,440,Hypertrophy,2,252
1399,7/18/2023,2023-07-18,Pull,2,Pull Ups,5,0,0,0,0,440,Hypertrophy,2,0
1400,7/18/2023,2023-07-18,Pull,2,Pull Ups,5,0,0,0,0,440,Hypertrophy,2,0
1401,7/18/2023,2023-07-18,Pull,2,Deadlift,4,0,0,0,0,440,Hypertrophy,2,0
1402,7/18/2023,2023-07-18,Pull,2,Deadlift,4,0,0,0,0,440,Hypertrophy,2,0
1403,7/18/2023,2023-07-18,Pull,2,Deadlift,4,0,0,0,0,440,Hypertrophy,2,0
1404,7/19/2023,2023-07-19,Legs,3,Barbell Squat,7,135,1,8,1080,441,Strength,1,171
1405,7/19/2023,2023-07-19,Legs,3,Barbell Squat,7,225,2,8,3600,441,Strength,1,285
1406,7/19/2023,2023-07-19,Legs,3,Barbell Squat,7,315,2,5,3150,441,Strength,1,367.5
1407,7/19/2023,2023-07-19,Legs,3,Barbell Squat,7,365,2,5,3650,441,Strength,1,425.8333333
872,7/19/2023,2023-07-19,Legs,3,Barbell Squat,7,0,0,0,0,,,#N/A,0
1408,7/20/2023,2023-07-20,Push,1,Flat Bench Press,1,135,1,8,1080,442,Hypertrophy,2,171
1409,7/20/2023,2023-07-20,Push,1,Flat Bench Press,1,185,1,7,1295,442,Hypertrophy,2,228.1666667
1410,7/20/2023,2023-07-20,Push,1,Flat Bench Press,1,225,2,8,3600,442,Hypertrophy,2,285
1411,7/20/2023,2023-07-20,Push,1,Overhead Press,3,45,1,10,450,442,Hypertrophy,2,60
1412,7/20/2023,2023-07-20,Push,1,Overhead Press,3,95,1,10,950,442,Hypertrophy,2,126.6666667
1413,7/20/2023,2023-07-20,Push,1,Overhead Press,3,135,3,9,3645,442,Hypertrophy,2,175.5
1414,7/21/2023,2023-07-21,Pull,2,Barbell Row,6,135,1,8,1080,443,Hypertrophy,2,171
1415,7/21/2023,2023-07-21,Pull,2,Barbell Row,6,225,3,8,5400,443,Hypertrophy,2,285
1416,7/21/2023,2023-07-21,Pull,2,Barbell Row,6,0,0,0,0,443,Hypertrophy,2,0
1417,7/22/2023,2023-07-22,Rest,0,Rest,0,0,0,0,0,444,Rest,0,0
1418,7/23/2023,2023-07-23,Rest,0,Rest,0,0,0,0,0,445,Rest,0,0
1419,7/24/2023,2023-07-24,Push,1,Incline Bench Press,2,135,1,8,1080,446,Hypertrophy,2,171
1420,7/24/2023,2023-07-24,Push,1,Incline Bench Press,2,155,1,8,1240,446,Hypertrophy,2,196.3333333
1421,7/24/2023,2023-07-24,Push,1,Incline Bench Press,2,195,3,7,4095,446,Hypertrophy,2,240.5
1422,7/24/2023,2023-07-24,Push,1,Overhead Press,3,45,1,10,450,446,Hypertrophy,2,60
1423,7/24/2023,2023-07-24,Push,1,Overhead Press,3,95,1,10,950,446,Hypertrophy,2,126.6666667
1424,7/24/2023,2023-07-24,Push,1,Overhead Press,3,135,3,9,3645,446,Hypertrophy,2,175.5
1425,7/25/2023,2023-07-25,Pull,2,Pull Ups,5,180,5,12,10800,447,Hypertrophy,2,252
1426,7/25/2023,2023-07-25,Pull,2,Pull Ups,5,0,0,0,0,447,Hypertrophy,2,0
1427,7/25/2023,2023-07-25,Pull,2,Pull Ups,5,0,0,0,0,447,Hypertrophy,2,0
1428,7/26/2023,2023-07-26,Pull,2,Deadlift,4,0,0,0,0,447,Hypertrophy,2,0
1429,7/26/2023,2023-07-26,Pull,2,Deadlift,4,0,0,0,0,447,Hypertrophy,2,0
1430,7/26/2023,2023-07-26,Pull,2,Deadlift,4,0,0,0,0,447,Hypertrophy,2,0
1431,7/26/2023,2023-07-26,Legs,3,Barbell Squat,7,135,1,8,1080,448,Strength,1,171
1432,7/26/2023,2023-07-26,Legs,3,Barbell Squat,7,225,2,8,3600,448,Strength,1,285
1433,7/26/2023,2023-07-26,Legs,3,Barbell Squat,7,315,2,5,3150,448,Strength,1,367.5
1434,7/26/2023,2023-07-26,Legs,3,Barbell Squat,7,365,2,5,3650,448,Strength,1,425.8333333
900,7/26/2023,2023-07-26,Legs,3,Barbell Squat,7,0,0,0,0,,,#N/A,0
1435,7/27/2023,2023-07-27,Push,1,Flat Bench Press,1,135,1,8,1080,449,Hypertrophy,2,171
1436,7/27/2023,2023-07-27,Push,1,Flat Bench Press,1,185,1,7,1295,449,Hypertrophy,2,228.1666667
1437,7/27/2023,2023-07-27,Push,1,Flat Bench Press,1,225,2,8,3600,449,Hypertrophy,2,285
1438,7/27/2023,2023-07-27,Push,1,Overhead Press,3,45,1,10,450,449,Hypertrophy,2,60
1439,7/27/2023,2023-07-27,Push,1,Overhead Press,3,95,1,10,950,449,Hypertrophy,2,126.6666667
1440,7/27/2023,2023-07-27,Push,1,Overhead Press,3,135,3,9,3645,449,Hypertrophy,2,175.5
1441,7/28/2023,2023-07-28,Pull,2,Barbell Row,6,135,1,8,1080,450,Hypertrophy,2,171
1442,7/28/2023,2023-07-28,Pull,2,Barbell Row,6,225,3,8,5400,450,Hypertrophy,2,285
1443,7/28/2023,2023-07-28,Pull,2,Barbell Row,6,0,0,0,0,450,Hypertrophy,2,0
1444,7/29/2023,2023-07-29,Rest,0,Rest,0,0,0,0,0,451,Rest,0,0
1445,7/30/2023,2023-07-30,Rest,0,Rest,0,0,0,0,0,452,Rest,0,0
1446,7/31/2023,2023-07-31,Push,1,Incline Bench Press,2,135,1,8,1080,453,Hypertrophy,2,171
1447,7/31/2023,2023-07-31,Push,1,Incline Bench Press,2,155,1,8,1240,453,Hypertrophy,2,196.3333333
1448,7/31/2023,2023-07-31,Push,1,Incline Bench Press,2,195,3,7,4095,453,Hypertrophy,2,240.5
1449,7/31/2023,2023-07-31,Push,1,Overhead Press,3,45,1,10,450,453,Hypertrophy,2,60
1450,7/31/2023,2023-07-31,Push,1,Overhead Press,3,95,1,10,950,453,Hypertrophy,2,126.6666667
1451,7/31/2023,2023-07-31,Push,1,Overhead Press,3,135,3,9,3645,453,Hypertrophy,2,175.5
1452,8/1/2023,2023-08-01,Pull,2,Pull Ups,5,180,5,12,10800,454,Hypertrophy,2,252
1453,8/1/2023,2023-08-01,Pull,2,Pull Ups,5,0,0,0,0,454,Hypertrophy,2,0
1454,8/1/2023,2023-08-01,Pull,2,Pull Ups,5,0,0,0,0,454,Hypertrophy,2,0
1455,8/1/2023,2023-08-01,Pull,2,Deadlift,4,0,0,0,0,454,Hypertrophy,2,0
1456,8/1/2023,2023-08-01,Pull,2,Deadlift,4,0,0,0,0,454,Hypertrophy,2,0
1457,8/1/2023,2023-08-01,Pull,2,Deadlift,4,0,0,0,0,454,Hypertrophy,2,0
1458,8/2/2023,2023-08-02,Legs,3,Barbell Squat,7,135,1,8,1080,455,Strength,1,171
1459,8/2/2023,2023-08-02,Legs,3,Barbell Squat,7,225,2,8,3600,455,Strength,1,285
1460,8/2/2023,2023-08-02,Legs,3,Barbell Squat,7,315,2,5,3150,455,Strength,1,367.5
1461,8/2/2023,2023-08-02,Legs,3,Barbell Squat,7,365,2,5,3650,455,Strength,1,425.8333333
928,8/2/2023,2023-08-02,Legs,3,Barbell Squat,7,0,0,0,0,,,#N/A,0
1462,8/3/2023,2023-08-03,Push,1,Flat Bench Press,1,135,1,8,1080,456,Hypertrophy,2,171
1463,8/3/2023,2023-08-03,Push,1,Flat Bench Press,1,185,1,7,1295,456,Hypertrophy,2,228.1666667
1464,8/3/2023,2023-08-03,Push,1,Flat Bench Press,1,225,2,8,3600,456,Hypertrophy,2,285
1465,8/3/2023,2023-08-03,Push,1,Overhead Press,3,45,1,10,450,456,Hypertrophy,2,60
1466,8/3/2023,2023-08-03,Push,1,Overhead Press,3,95,1,10,950,456,Hypertrophy,2,126.6666667
1467,8/3/2023,2023-08-03,Push,1,Overhead Press,3,135,3,9,3645,456,Hypertrophy,2,175.5
1468,8/4/2023,2023-08-04,Pull,2,Barbell Row,6,135,1,8,1080,457,Hypertrophy,2,171
1469,8/4/2023,2023-08-04,Pull,2,Barbell Row,6,225,3,8,5400,457,Hypertrophy,2,285
1470,8/4/2023,2023-08-04,Pull,2,Barbell Row,6,0,0,0,0,457,Hypertrophy,2,0
1471,8/5/2023,2023-08-05,Rest,0,Rest,0,0,0,0,0,458,Rest,0,0
1472,8/6/2023,2023-08-06,Rest,0,Rest,0,0,0,0,0,459,Rest,0,0
1473,8/7/2023,2023-08-07,Push,1,Flat Bench Press,1,135,1,8,1080,460,Strength,1,171
1474,8/7/2023,2023-08-07,Push,1,Flat Bench Press,1,225,1,5,1125,460,Strength,1,262.5
1475,8/7/2023,2023-08-07,Push,1,Flat Bench Press,1,255,1,1,255,460,Strength,1,263.5
1476,8/7/2023,2023-08-07,Push,1,Flat Bench Press,1,275,1,1,275,460,Strength,1,284.1666667
1477,8/7/2023,2023-08-07,Push,1,Overhead Press,3,95,1,8,760,460,Strength,1,120.3333333
1478,8/7/2023,2023-08-07,Push,1,Overhead Press,3,135,1,8,1080,460,Strength,1,171
1479,8/7/2023,2023-08-07,Push,1,Overhead Press,3,155,3,5,2325,460,Strength,1,180.8333333
1480,8/8/2023,2023-08-08,Pull,2,Pull Ups,5,180,3,10,5400,461,Strength,1,240
1481,8/8/2023,2023-08-08,Pull,2,Pull Ups,5,215,1,8,1720,461,Strength,1,272.3333333
1482,8/8/2023,2023-08-08,Pull,2,Pull Ups,5,225,1,6,1350,461,Strength,1,270
1483,8/8/2023,2023-08-08,Pull,2,Deadlift,4,0,0,0,0,461,Strength,1,0
1484,8/8/2023,2023-08-08,Pull,2,Deadlift,4,0,0,0,0,461,Strength,1,0
1485,8/8/2023,2023-08-08,Pull,2,Deadlift,4,0,0,0,0,461,Strength,1,0
1486,8/9/2023,2023-08-09,Legs,3,Barbell Squat,7,135,1,8,1080,462,Strength,1,171
1487,8/9/2023,2023-08-09,Legs,3,Barbell Squat,7,225,1,6,1350,462,Strength,1,270
1488,8/9/2023,2023-08-09,Legs,3,Barbell Squat,7,315,1,5,1575,462,Strength,1,367.5
1489,8/9/2023,2023-08-09,Legs,3,Barbell Squat,7,365,1,5,1825,462,Strength,1,425.8333333
1490,8/9/2023,2023-08-09,Legs,3,Barbell Squat,7,405,1,3,1215,462,Strength,1,445.5
1491,8/10/2023,2023-08-10,Push,1,Incline Bench Press,2,135,1,8,1080,463,Strength,1,171
1492,8/10/2023,2023-08-10,Push,1,Incline Bench Press,2,185,1,7,1295,463,Strength,1,228.1666667
1493,8/10/2023,2023-08-10,Push,1,Incline Bench Press,2,225,2,6,2700,463,Strength,1,270
1494,8/10/2023,2023-08-10,Push,1,Overhead Press,3,95,1,8,760,463,Strength,1,120.3333333
1495,8/10/2023,2023-08-10,Push,1,Overhead Press,3,135,1,8,1080,463,Strength,1,171
1496,8/10/2023,2023-08-10,Push,1,Overhead Press,3,155,3,5,2325,463,Strength,1,180.8333333
1497,8/11/2023,2023-08-11,Pull,2,Barbell Row,6,135,1,8,1080,464,Strength,1,171
1498,8/11/2023,2023-08-11,Pull,2,Barbell Row,6,225,1,8,1800,464,Strength,1,285
1499,8/11/2023,2023-08-11,Pull,2,Barbell Row,6,255,2,7,3570,464,Strength,1,314.5
1500,8/12/2023,2023-08-12,Rest,0,Rest,0,0,0,0,0,465,Rest,0,0
1501,8/13/2023,2023-08-13,Rest,0,Rest,0,0,0,0,0,466,Rest,0,0
1502,8/14/2023,2023-08-14,Push,1,Incline Bench Press,2,135,1,8,1080,467,Strength,1,171
1503,8/14/2023,2023-08-14,Push,1,Incline Bench Press,2,185,1,7,1295,467,Strength,1,228.1666667
1504,8/14/2023,2023-08-14,Push,1,Incline Bench Press,2,225,2,6,2700,467,Strength,1,270
1505,8/14/2023,2023-08-14,Push,1,Overhead Press,3,95,1,8,760,467,Strength,1,120.3333333
1506,8/14/2023,2023-08-14,Push,1,Overhead Press,3,135,1,8,1080,467,Strength,1,171
1507,8/14/2023,2023-08-14,Push,1,Overhead Press,3,155,3,5,2325,467,Strength,1,180.8333333
1508,8/15/2023,2023-08-15,Pull,2,Pull Ups,5,180,3,10,5400,468,Strength,1,240
1509,8/15/2023,2023-08-15,Pull,2,Pull Ups,5,215,1,8,1720,468,Strength,1,272.3333333
1510,8/15/2023,2023-08-15,Pull,2,Pull Ups,5,225,1,6,1350,468,Strength,1,270
1511,8/15/2023,2023-08-15,Pull,2,Deadlift,4,0,0,0,0,468,Strength,1,0
1512,8/15/2023,2023-08-15,Pull,2,Deadlift,4,0,0,0,0,468,Strength,1,0
1513,8/15/2023,2023-08-15,Pull,2,Deadlift,4,0,0,0,0,468,Strength,1,0
1514,8/16/2023,2023-08-16,Legs,3,Barbell Squat,7,135,1,8,1080,469,Strength,1,171
1515,8/16/2023,2023-08-16,Legs,3,Barbell Squat,7,225,1,6,1350,469,Strength,1,270
1516,8/16/2023,2023-08-16,Legs,3,Barbell Squat,7,315,1,5,1575,469,Strength,1,367.5
1517,8/16/2023,2023-08-16,Legs,3,Barbell Squat,7,365,1,5,1825,469,Strength,1,425.8333333
1518,8/16/2023,2023-08-16,Legs,3,Barbell Squat,7,405,1,3,1215,469,Strength,1,445.5
1519,8/17/2023,2023-08-17,Push,1,Flat Bench Press,1,135,1,8,1080,470,Strength,1,171
1520,8/17/2023,2023-08-17,Push,1,Flat Bench Press,1,225,1,7,1575,470,Strength,1,277.5
1521,8/17/2023,2023-08-17,Push,1,Flat Bench Press,1,255,2,6,3060,470,Strength,1,306
1522,8/17/2023,2023-08-17,Push,1,Overhead Press,3,95,1,8,760,470,Strength,1,120.3333333
1523,8/17/2023,2023-08-17,Push,1,Overhead Press,3,135,1,8,1080,470,Strength,1,171
1524,8/17/2023,2023-08-17,Push,1,Overhead Press,3,155,3,5,2325,470,Strength,1,180.8333333
1525,8/18/2023,2023-08-18,Pull,2,Barbell Row,6,135,1,8,1080,471,Strength,1,171
1526,8/18/2023,2023-08-18,Pull,2,Barbell Row,6,225,1,8,1800,471,Strength,1,285
1527,8/18/2023,2023-08-18,Pull,2,Barbell Row,6,255,2,7,3570,471,Strength,1,314.5
1528,8/19/2023,2023-08-19,Rest,0,Rest,0,0,0,0,0,472,Rest,0,0
1529,8/20/2023,2023-08-20,Rest,0,Rest,0,0,0,0,0,473,Rest,0,0
1530,8/21/2023,2023-08-21,Push,1,Flat Bench Press,1,135,1,8,1080,474,Strength,1,171
1531,8/21/2023,2023-08-21,Push,1,Flat Bench Press,1,225,1,7,1575,474,Strength,1,277.5
1532,8/21/2023,2023-08-21,Push,1,Flat Bench Press,1,255,2,5,2550,474,Strength,1,297.5
1533,8/21/2023,2023-08-21,Push,1,Overhead Press,3,95,1,8,760,474,Strength,1,120.3333333
1534,8/21/2023,2023-08-21,Push,1,Overhead Press,3,135,1,8,1080,474,Strength,1,171
1535,8/21/2023,2023-08-21,Push,1,Overhead Press,3,155,3,5,2325,474,Strength,1,180.8333333
1536,8/22/2023,2023-08-22,Pull,2,Pull Ups,5,180,3,10,5400,475,Strength,1,240
1537,8/22/2023,2023-08-22,Pull,2,Pull Ups,5,215,1,8,1720,475,Strength,1,272.3333333
1538,8/22/2023,2023-08-22,Pull,2,Pull Ups,5,225,1,6,1350,475,Strength,1,270
1539,8/22/2023,2023-08-22,Pull,2,Deadlift,4,0,0,0,0,475,Strength,1,0
1540,8/22/2023,2023-08-22,Pull,2,Deadlift,4,0,0,0,0,475,Strength,1,0
1541,8/22/2023,2023-08-22,Pull,2,Deadlift,4,0,0,0,0,475,Strength,1,0
1542,8/23/2023,2023-08-23,Legs,3,Barbell Squat,7,135,1,8,1080,476,Strength,1,171
1543,8/23/2023,2023-08-23,Legs,3,Barbell Squat,7,225,1,6,1350,476,Strength,1,270
1544,8/23/2023,2023-08-23,Legs,3,Barbell Squat,7,315,1,5,1575,476,Strength,1,367.5
1545,8/23/2023,2023-08-23,Legs,3,Barbell Squat,7,365,1,5,1825,476,Strength,1,425.8333333
1546,8/23/2023,2023-08-23,Legs,3,Barbell Squat,7,405,1,4,1620,476,Strength,1,459
1547,8/24/2023,2023-08-24,Push,1,Incline Bench Press,2,135,1,8,1080,477,Strength,1,171
1548,8/24/2023,2023-08-24,Push,1,Incline Bench Press,2,185,1,7,1295,477,Strength,1,228.1666667
1549,8/24/2023,2023-08-24,Push,1,Incline Bench Press,2,225,2,6,2700,477,Strength,1,270
1550,8/24/2023,2023-08-24,Push,1,Overhead Press,3,95,1,8,760,477,Strength,1,120.3333333
1551,8/24/2023,2023-08-24,Push,1,Overhead Press,3,135,1,8,1080,477,Strength,1,171
1552,8/24/2023,2023-08-24,Push,1,Overhead Press,3,155,3,5,2325,477,Strength,1,180.8333333
1553,8/25/2023,2023-08-25,Pull,2,Barbell Row,6,135,1,8,1080,478,Strength,1,171
1554,8/25/2023,2023-08-25,Pull,2,Barbell Row,6,225,1,8,1800,478,Strength,1,285
1555,8/25/2023,2023-08-25,Pull,2,Barbell Row,6,255,2,7,3570,478,Strength,1,314.5
1556,8/26/2023,2023-08-26,Rest,0,Rest,0,0,0,0,0,479,Rest,0,0
1557,8/27/2023,2023-08-27,Rest,0,Rest,0,0,0,0,0,480,Rest,0,0
1558,8/28/2023,2023-08-28,Push,1,Incline Bench Press,2,135,1,8,1080,481,Strength,1,171
1559,8/28/2023,2023-08-28,Push,1,Incline Bench Press,2,185,1,7,1295,481,Strength,1,228.1666667
1560,8/28/2023,2023-08-28,Push,1,Incline Bench Press,2,225,2,6,2700,481,Strength,1,270
1561,8/28/2023,2023-08-28,Push,1,Overhead Press,3,95,1,8,760,481,Strength,1,120.3333333
1562,8/28/2023,2023-08-28,Push,1,Overhead Press,3,135,1,8,1080,481,Strength,1,171
1563,8/28/2023,2023-08-28,Push,1,Overhead Press,3,155,3,5,2325,481,Strength,1,180.8333333
1564,8/29/2023,2023-08-29,Pull,2,Pull Ups,5,180,3,10,5400,482,Strength,1,240
1565,8/29/2023,2023-08-29,Pull,2,Pull Ups,5,215,1,8,1720,482,Strength,1,272.3333333
1566,8/29/2023,2023-08-29,Pull,2,Pull Ups,5,225,1,6,1350,482,Strength,1,270
1567,8/29/2023,2023-08-29,Pull,2,Deadlift,4,0,0,0,0,482,Strength,1,0
1568,8/29/2023,2023-08-29,Pull,2,Deadlift,4,0,0,0,0,482,Strength,1,0
1569,8/29/2023,2023-08-29,Pull,2,Deadlift,4,0,0,0,0,482,Strength,1,0
1570,8/30/2023,2023-08-30,Legs,3,Barbell Squat,7,135,1,8,1080,483,Strength,1,171
1571,8/30/2023,2023-08-30,Legs,3,Barbell Squat,7,225,1,6,1350,483,Strength,1,270
1572,8/30/2023,2023-08-30,Legs,3,Barbell Squat,7,315,1,5,1575,483,Strength,1,367.5
1573,8/30/2023,2023-08-30,Legs,3,Barbell Squat,7,365,1,5,1825,483,Strength,1,425.8333333
1574,8/30/2023,2023-08-30,Legs,3,Barbell Squat,7,405,1,4,1620,483,Strength,1,459
1575,8/31/2023,2023-08-31,Push,1,Flat Bench Press,1,135,1,8,1080,484,Strength,1,171
1576,8/31/2023,2023-08-31,Push,1,Flat Bench Press,1,225,1,7,1575,484,Strength,1,277.5
1577,8/31/2023,2023-08-31,Push,1,Flat Bench Press,1,255,2,5,2550,484,Strength,1,297.5
1578,8/31/2023,2023-08-31,Push,1,Overhead Press,3,95,1,8,760,484,Strength,1,120.3333333
1579,8/31/2023,2023-08-31,Push,1,Overhead Press,3,135,1,8,1080,484,Strength,1,171
1580,8/31/2023,2023-08-31,Push,1,Overhead Press,3,155,3,5,2325,484,Strength,1,180.8333333
1581,9/1/2023,2023-09-01,Pull,2,Barbell Row,6,135,1,8,1080,485,Strength,1,171
1582,9/1/2023,2023-09-01,Pull,2,Barbell Row,6,225,1,8,1800,485,Strength,1,285
1583,9/1/2023,2023-09-01,Pull,2,Barbell Row,6,255,2,7,3570,485,Strength,1,314.5
1584,9/2/2023,2023-09-02,Rest,0,Rest,0,0,0,0,0,486,Rest,0,0
1585,9/3/2023,2023-09-03,Rest,0,Rest,0,0,0,0,0,487,Rest,0,0